repository,path,classification,module_ids,source_variant,sha256,review_note
ireps-mobile,app/(auth)/signup.jsx,Form/action family or supporting source,FRM-002,primary worktree,0c9499f0e295ebc83f121d9172d0d9404372242690969e5f1d8109d990b82fcf,Mapped package(s) cover the explicitly named variants; release status is separate.
ireps-mobile,app/(auth)/signin.jsx,Form/action family or supporting source,FRM-001;FRM-003,primary worktree,ce684b1ff99aba5579dff3c02099de37fcd2b054094a04897c95b536cae94bc5,Mapped package(s) cover the explicitly named variants; release status is separate.
ireps-mobile,app/onboarding/verify-phone.js,Form/action family or supporting source,FRM-007,primary worktree,303b38ac568663f2e6db9b6270f315f8c692e01cbf3ec2821efc55d526a76418,Mapped package(s) cover the explicitly named variants; release status is separate.
ireps-mobile,app/onboarding/confirm-admin.js,Form/action family or supporting source,FRM-005,primary worktree,3cef40111f6257f083e299fb83b4f039869a25fd5419ea6d466b31a8296abd53,Mapped package(s) cover the explicitly named variants; release status is separate.
ireps-mobile,app/onboarding/complete-invited-profile.js,Form/action family or supporting source,FRM-005,primary worktree,90f4f1ac44c8f017cbb0cc08faf82287a5345a9c94007818e4c6e9907c0c4d86,Mapped package(s) cover the explicitly named variants; release status is separate.
ireps-mobile,app/onboarding/change-password.js,Form/action family or supporting source,FRM-004,primary worktree,2a5e8b613c0e845f98a3093d026532d111f7f1bf4f72fb8d986c20413c5bde4d,Mapped package(s) cover the explicitly named variants; release status is separate.
ireps-mobile,src/features/userHelper.js,Shared input / presentation helper,,primary worktree,e2f9a52822e37d809951be0acf4e5dd09ba445af35ecd5ef76b12b0cecf3ab98,"Reusable component, not an independent business event. Expand consuming form fields during release review."
ireps-mobile,src/features/meters/WaterMeterEntry.js,Form/action family or supporting source,FRM-013,primary worktree,dd1e508c4584e495019bf1a70353e7f1f9444fc8ecb735eac2f1d89ba28d8912,Mapped package(s) cover the explicitly named variants; release status is separate.
ireps-mobile,src/features/meters/FormMeterIstallation.js,Form/action family or supporting source,FRM-013,primary worktree,e057796ffec0b60e95b6cda16fee3e1dd2486f0c86bbaf72cc0146763bc7a4e4,Mapped package(s) cover the explicitly named variants; release status is separate.
ireps-mobile,src/features/meters/FormMeterDiscovery.js,Existing Meter Discovery form,MDIS,primary worktree,de59374a7d3cca9820e74b135cc133a5f0fdfd363430c64640f997020d165c0b,Keep original detailed catalogue; path update added for this review.
ireps-mobile,src/features/meters/FormInputMeterNo.js,Shared input / presentation helper,,primary worktree,3851832074216f64b3b89106fe2662f49b46b03838faa294233fa22bb9a5aa2b,"Reusable component, not an independent business event. Expand consuming form fields during release review."
ireps-mobile,src/features/meters/ForensicFooter.js,Shared input / presentation helper,,primary worktree,a873c087df96262d9b5ae78cfb8a1c2ca851d3c762fef61fe8ace4e00a25f2b2,"Reusable component, not an independent business event. Expand consuming form fields during release review."
ireps-mobile,components/DateWindowPicker.js,"Search, selection, list or reporting surface",,primary worktree,2a05ee3604722e8267e421ea8af0e6e1622c6b5e8e9be99f62741548918dda75,View/selection controls are inventoried; not a separate meter registration/lifecycle form. Any mutation belongs to its operations/report family.
ireps-mobile,src/features/serviceProviders/FormServiceProvider.js,Form/action family or supporting source,FRM-023,primary worktree,153c0776c420090baaa60ee5c2df59ec20b33b4dfaf2f4806c1a862214a02780,Mapped package(s) cover the explicitly named variants; release status is separate.
ireps-mobile,src/features/serviceProviders/FormEditServiceProvider.js,Form/action family or supporting source,FRM-023,primary worktree,f38b8db51f2778a79fc6b5de476fb93206c1e64ae81e700fd5019a6d9f51c6a5,Mapped package(s) cover the explicitly named variants; release status is separate.
ireps-mobile,src/features/serviceProviders/FormCreateServiceProvider.js,Form/action family or supporting source,FRM-023,primary worktree,a27cf1d0769fd87c3e28878b6cc90680876e4986322bc0d4834e24287c4fa630,Mapped package(s) cover the explicitly named variants; release status is separate.
ireps-mobile,src/features/trns/TrnFilterModal.js,"Search, selection, list or reporting surface",,primary worktree,42500e32fae413abc0045f0923907304342e0f27f0686c0075ce061e8bb210ae,View/selection controls are inventoried; not a separate meter registration/lifecycle form. Any mutation belongs to its operations/report family.
ireps-mobile,app/(tabs)/asts/removal.jsx,Form/action family or supporting source,FRM-019,primary worktree,91d9864be610b389a86df5febbce532b8d26a341d960630c472570f06debdef2,Mapped package(s) cover the explicitly named variants; release status is separate.
ireps-mobile,src/features/filters/FilterSearchOverlay.js,"Search, selection, list or reporting surface",,primary worktree,6a714f3a043381dad41497c34fa3fa95786682da157abef5d97e0a199038152a,View/selection controls are inventoried; not a separate meter registration/lifecycle form. Any mutation belongs to its operations/report family.
ireps-mobile,app/(tabs)/asts/reconnection.jsx,Form/action family or supporting source,FRM-018,primary worktree,9b881fa8a46ffba81cbe9e1caa904a33e608b1009d10cfdb0e7d0a1abb516f9a,Mapped package(s) cover the explicitly named variants; release status is separate.
ireps-mobile,app/(tabs)/asts/meter-reading.js,Form/action family or supporting source,FRM-015,primary worktree,a0e929bcb0262112efdcf6d5c72516b2e1ced201751bb6814efe9003338ada63,Mapped package(s) cover the explicitly named variants; release status is separate.
ireps-mobile,app/(tabs)/asts/inspection.js,Form/action family or supporting source,FRM-016,primary worktree,50fc2963fc5dbec1d0dbdaf3d510fc203401ca619c1fd39b92f1c6adff65fb1a,Mapped package(s) cover the explicitly named variants; release status is separate.
ireps-mobile,app/(tabs)/asts/disconnection.jsx,Form/action family or supporting source,FRM-017,primary worktree,6e18ea4b9757e8cb84a66a16837f4da4d29a1cc4a189cd0d0ac6d0b367145a61,Mapped package(s) cover the explicitly named variants; release status is separate.
ireps-mobile,app/(tabs)/asts/commissioning.jsx,Form/action family or supporting source,FRM-014,primary worktree,ae0ff348f39168d22ba59e80a60c89f4e6bf7642ed25177d1319995894329316,Mapped package(s) cover the explicitly named variants; release status is separate.
ireps-mobile,components/IrepsSelectWithOther.jsx,Shared input / presentation helper,,primary worktree,958de642a69ec4e5bfe61f1bf8cafe5308296887f0fe8e75aef6cc6d823745f1,"Reusable component, not an independent business event. Expand consuming form fields during release review."
ireps-mobile,app/(tabs)/admin/users/create-supervisor.js,Form/action family or supporting source,FRM-021,primary worktree,b9fb2d8793ed94327173bd2d7c176cd92e773372b1193e07578790e7b4a4ef7a,Mapped package(s) cover the explicitly named variants; release status is separate.
ireps-mobile,src/features/premises/formPremise.js,Form/action family or supporting source,FRM-010,primary worktree,f655e07b05101a2fb00e3c70216ecc3164c5dc91b0aa910d138001fba3932327,Mapped package(s) cover the explicitly named variants; release status is separate.
ireps-mobile,src/features/premises/FormInputAccountNo.js,Shared input / presentation helper,,primary worktree,b0553e2d62ebe7f9e5ca8868667e7882b189186e2a8eaeb0a9fc1954306ddb78,"Reusable component, not an independent business event. Expand consuming form fields during release review."
ireps-mobile,app/(tabs)/admin/users/create-manager.js,Form/action family or supporting source,FRM-021,primary worktree,506e4c6ce354a6276272ab67edc850a0b567c467043acba3a34f1463fe989270,Mapped package(s) cover the explicitly named variants; release status is separate.
ireps-mobile,src/features/premises/FormAccountData.js,Form/action family or supporting source,FRM-011,primary worktree,3d1292f846412144bc30947666a5c42d0f24d1341a954a0303fe96504feac651,Mapped package(s) cover the explicitly named variants; release status is separate.
ireps-mobile,app/(tabs)/admin/users/create-admin.js,Form/action family or supporting source,FRM-021,primary worktree,494809ddd049d64cdb43d6b313132e13df013e7e93bc22d30a39b55520d0ba8b,Mapped package(s) cover the explicitly named variants; release status is separate.
ireps-mobile,src/features/erfs/FormInformalErf.js,Form/action family or supporting source,FRM-012,primary worktree,16b63a0109358d921eab69d0bc75ec38d52387661b7bc9473a3e339385f15210,Mapped package(s) cover the explicitly named variants; release status is separate.
ireps-mobile,src/features/reports/prepaidRevenue/MeterSearchBox.js,"Search, selection, list or reporting surface",,primary worktree,2fbbf897b6c64a97913e7d012201b1f20d365320ea7e7d8dede2264f7fadf94c,View/selection controls are inventoried; not a separate meter registration/lifecycle form. Any mutation belongs to its operations/report family.
ireps-mobile,components/forms/FormInput.js,Shared input / presentation helper,,primary worktree,01dc8ce4c96af0ab6eac43a3a0b77be268d7677e18e4e2417fcde24c1aa68fa8,"Reusable component, not an independent business event. Expand consuming form fields during release review."
ireps-mobile,components/forms/FormBarcodeInput.js,Shared input / presentation helper,,primary worktree,85b022948acb95970b265d3e7e884d36c681bb3d49c298fe90e728a7b313216c,"Reusable component, not an independent business event. Expand consuming form fields during release review."
ireps-mobile,components/forms/ElectricitySections.js,Form/action family or supporting source,FRM-013,primary worktree,0d502834743f76ab23ace9380dcebf9e8eb3eb86e8be8d796cae123d9efcb44b,Mapped package(s) cover the explicitly named variants; release status is separate.
ireps-mobile,components/forms/FormSubmitButton.js,Shared input / presentation helper,,primary worktree,884daad02dad7539a4e2b6e54d3fbde376e19b3c7e63d02427f5c256a6186766,"Reusable component, not an independent business event. Expand consuming form fields during release review."
ireps-mobile,components/forms/IrepsFieldCommentSection.js,Form/action family or supporting source,FRM-013,primary worktree,3fab953e41b03c085a0105bbf37a25bd281cbb8316cfed401893662be1be00a7,Mapped package(s) cover the explicitly named variants; release status is separate.
ireps-mobile,components/forms/IrepsNoAccessSection.js,Form/action family or supporting source,FRM-020,primary worktree,021b3f878fe25eae31b17ee6edaba1b8da8a01afbb6bfccbb63ddcff17237dbe,Mapped package(s) cover the explicitly named variants; release status is separate.
ireps-mobile,components/forms/WaterSections.js,Form/action family or supporting source,FRM-013,primary worktree,83f1aca33041fa5c576e7ff162f66852e1bf6c2e1a1b3d14d83a55a2c7075d60,Mapped package(s) cover the explicitly named variants; release status is separate.
ireps-mobile,components/forms/RemainingCreditSection.js,Form/action family or supporting source,FRM-013,primary worktree,ddc7b389951748f5bd43f7600c191aff2c7c42c92adce8c8555529eb4b930bcc,Mapped package(s) cover the explicitly named variants; release status is separate.
ireps-mobile,app/(tabs)/admin/user/user-settings.js,Form/action family or supporting source,FRM-008;FRM-009,primary worktree,de5c890d668c7858ae84736f52b306426e19fec44a52a5d05eca38d781321890,Mapped package(s) cover the explicitly named variants; release status is separate.
ireps-mobile,app/(tabs)/admin/settings/index.js,Form/action family or supporting source,FRM-034,primary worktree,b9a854155232ef98d72851ed4a550b07b1a97ec76349c87c27137e37c4046dd1,Mapped package(s) cover the explicitly named variants; release status is separate.
ireps-mobile,app/(tabs)/admin/settings/select-lookups/create.js,Form/action family or supporting source,FRM-034,primary worktree,eb71a299dc25f760b1b754ab432b8ff41c76b5b53e0e4a29f6d5c3524cf3d147,Mapped package(s) cover the explicitly named variants; release status is separate.
ireps-mobile,app/(tabs)/admin/settings/select-lookups/index.js,"Search, selection, list or reporting surface",,primary worktree,d26868ede206dc49634dd4c4e2e96e5c4ea9d44416925bdf0c10fe6e873d3136,View/selection controls are inventoried; not a separate meter registration/lifecycle form. Any mutation belongs to its operations/report family.
ireps-mobile,app/(tabs)/admin/settings/select-lookups/option.js,Form/action family or supporting source,FRM-034,primary worktree,112b61a1bd116b7b8d4938500cab97c11fb66ba55651e638f35e5a1baffb5acf,Mapped package(s) cover the explicitly named variants; release status is separate.
ireps-mobile,app/(tabs)/admin/settings/select-lookups/[lookupKey].js,Form/action family or supporting source,FRM-034,primary worktree,854e1c8ea90806cc66329754a98961eb839c34a8a0ffc8bed4eb9dddd54707fc,Mapped package(s) cover the explicitly named variants; release status is separate.
ireps-mobile,app/(tabs)/admin/operations/geo-fences.js,Form/action family or supporting source,FRM-025,primary worktree,2260176306c8f9208f59fd9a48a3be486730f8ff7eae186c8d1a0fae91e4a61f,Mapped package(s) cover the explicitly named variants; release status is separate.
ireps-mobile,app/(tabs)/admin/operations/trn-origin.js,Form/action family or supporting source,FRM-026,primary worktree,5f6fabd325316af1855fd6080855993e78546bb970bea98bf621819067a45405,Mapped package(s) cover the explicitly named variants; release status is separate.
ireps-mobile,app/(tabs)/admin/operations/teams.js,Form/action family or supporting source,FRM-024,primary worktree,ea805fdfa7dd7dd6815ea80c0b21dfdab4c1827c19dfa7f184a8e076bc633c2e,Mapped package(s) cover the explicitly named variants; release status is separate.
ireps-mobile,app/(tabs)/admin/operations/targeted-batch-no-access.js,Form/action family or supporting source,FRM-020,primary worktree,76a5abee46cbd9ccff9c68532d50f2938e0331d71d4c07dc223027ddb2777f33,Mapped package(s) cover the explicitly named variants; release status is separate.
ireps-mobile,app/(tabs)/admin/operations/my-workorders.js,Form/action family or supporting source,FRM-028,primary worktree,d4ecbee3512ca9747504e8c0071b74e52738d92da62f31964f7379f7b3063c04,Mapped package(s) cover the explicitly named variants; release status is separate.
ireps-mobile,app/(tabs)/admin/operations/dashboard/control.js,Form/action family or supporting source,FRM-027,primary worktree,6a5fb4fa0fcb483dbbca2f9171af4aa237b6dba582024cb43cd54c03bf2e3f8d,Mapped package(s) cover the explicitly named variants; release status is separate.
ireps-mobile-auth,components/DateWindowPicker.js,"Search, selection, list or reporting surface",,feature worktree / additional root,2a05ee3604722e8267e421ea8af0e6e1622c6b5e8e9be99f62741548918dda75,View/selection controls are inventoried; not a separate meter registration/lifecycle form. Any mutation belongs to its operations/report family.
ireps-mobile-auth,components/IrepsSelectWithOther.jsx,Shared input / presentation helper,,feature worktree / additional root,95c2dbb1f7c6faa75c1ed556988e6cf25af9b1efc89de97ff009d3fa9d09a761,"Reusable component, not an independent business event. Expand consuming form fields during release review."
ireps-mobile-auth,src/features/userHelper.js,Shared input / presentation helper,,feature worktree / additional root,e2f9a52822e37d809951be0acf4e5dd09ba445af35ecd5ef76b12b0cecf3ab98,"Reusable component, not an independent business event. Expand consuming form fields during release review."
ireps-mobile-auth,app/onboarding/verify-phone.js,Form/action family or supporting source,FRM-007,feature worktree / additional root,303b38ac568663f2e6db9b6270f315f8c692e01cbf3ec2821efc55d526a76418,Mapped package(s) cover the explicitly named variants; release status is separate.
ireps-mobile-auth,app/onboarding/confirm-admin.js,Form/action family or supporting source,FRM-005,feature worktree / additional root,d16d4990a6f07c3b3b740f959ccd9f15633623bc709cfd2ca99a4636531e341d,Mapped package(s) cover the explicitly named variants; release status is separate.
ireps-mobile-auth,app/onboarding/complete-invited-profile.js,Form/action family or supporting source,FRM-005,feature worktree / additional root,3ce6c493ba6ec517b2c9d833913076fe39e7f02495c3fdaa77c8aab20137d5cd,Mapped package(s) cover the explicitly named variants; release status is separate.
ireps-mobile-auth,app/onboarding/change-password.js,Form/action family or supporting source,FRM-004,feature worktree / additional root,4d630e2b3634003af8de43853a5b9e9439e71e8e096e136ee4a6d6e37255095d,Mapped package(s) cover the explicitly named variants; release status is separate.
ireps-mobile-auth,components/forms/WaterSections.js,Form/action family or supporting source,FRM-013,feature worktree / additional root,daf7f5b32ba7624bdf2ec205cf252ed63355d36a40b206d056e498b7b42d2697,Mapped package(s) cover the explicitly named variants; release status is separate.
ireps-mobile-auth,components/forms/RemainingCreditSection.js,Form/action family or supporting source,FRM-013,feature worktree / additional root,ddc7b389951748f5bd43f7600c191aff2c7c42c92adce8c8555529eb4b930bcc,Mapped package(s) cover the explicitly named variants; release status is separate.
ireps-mobile-auth,components/forms/IrepsNoAccessSection.js,Form/action family or supporting source,FRM-020,feature worktree / additional root,021b3f878fe25eae31b17ee6edaba1b8da8a01afbb6bfccbb63ddcff17237dbe,Mapped package(s) cover the explicitly named variants; release status is separate.
ireps-mobile-auth,components/forms/IrepsFieldCommentSection.js,Form/action family or supporting source,FRM-013,feature worktree / additional root,3fab953e41b03c085a0105bbf37a25bd281cbb8316cfed401893662be1be00a7,Mapped package(s) cover the explicitly named variants; release status is separate.
ireps-mobile-auth,components/forms/FormSubmitButton.js,Shared input / presentation helper,,feature worktree / additional root,884daad02dad7539a4e2b6e54d3fbde376e19b3c7e63d02427f5c256a6186766,"Reusable component, not an independent business event. Expand consuming form fields during release review."
ireps-mobile-auth,components/forms/FormInput.js,Shared input / presentation helper,,feature worktree / additional root,01dc8ce4c96af0ab6eac43a3a0b77be268d7677e18e4e2417fcde24c1aa68fa8,"Reusable component, not an independent business event. Expand consuming form fields during release review."
ireps-mobile-auth,components/forms/FormBarcodeInput.js,Shared input / presentation helper,,feature worktree / additional root,85b022948acb95970b265d3e7e884d36c681bb3d49c298fe90e728a7b313216c,"Reusable component, not an independent business event. Expand consuming form fields during release review."
ireps-mobile-auth,components/forms/ElectricitySections.js,Form/action family or supporting source,FRM-013,feature worktree / additional root,0781be75569409913180ae052b1fca2c5ddb5715a4a0b6e9344d418d4481cb56,Mapped package(s) cover the explicitly named variants; release status is separate.
ireps-mobile-auth,src/features/serviceProviders/FormServiceProvider.js,Form/action family or supporting source,FRM-023,feature worktree / additional root,153c0776c420090baaa60ee5c2df59ec20b33b4dfaf2f4806c1a862214a02780,Mapped package(s) cover the explicitly named variants; release status is separate.
ireps-mobile-auth,src/features/serviceProviders/FormEditServiceProvider.js,Form/action family or supporting source,FRM-023,feature worktree / additional root,f38b8db51f2778a79fc6b5de476fb93206c1e64ae81e700fd5019a6d9f51c6a5,Mapped package(s) cover the explicitly named variants; release status is separate.
ireps-mobile-auth,src/features/serviceProviders/FormCreateServiceProvider.js,Form/action family or supporting source,FRM-023,feature worktree / additional root,a27cf1d0769fd87c3e28878b6cc90680876e4986322bc0d4834e24287c4fa630,Mapped package(s) cover the explicitly named variants; release status is separate.
ireps-mobile-auth,src/features/trns/TrnFilterModal.js,"Search, selection, list or reporting surface",,feature worktree / additional root,42500e32fae413abc0045f0923907304342e0f27f0686c0075ce061e8bb210ae,View/selection controls are inventoried; not a separate meter registration/lifecycle form. Any mutation belongs to its operations/report family.
ireps-mobile-auth,src/features/meters/WaterMeterEntry.js,Form/action family or supporting source,FRM-013,feature worktree / additional root,dd1e508c4584e495019bf1a70353e7f1f9444fc8ecb735eac2f1d89ba28d8912,Mapped package(s) cover the explicitly named variants; release status is separate.
ireps-mobile-auth,src/features/meters/FormMeterIstallation.js,Form/action family or supporting source,FRM-013,feature worktree / additional root,8b4d2ffb14e67c087a68a6f20e32ea4c539f93d3d66b1cfde6275717d23623ea,Mapped package(s) cover the explicitly named variants; release status is separate.
ireps-mobile-auth,src/features/meters/FormMeterDiscovery.js,Existing Meter Discovery form,MDIS,feature worktree / additional root,3ac3c1ee992db4614602c13bc90fdb74afa4ce637fcbab42ea8f17bd3ae49d80,Keep original detailed catalogue; path update added for this review.
ireps-mobile-auth,src/features/meters/FormInputMeterNo.js,Shared input / presentation helper,,feature worktree / additional root,dda79e220c8a7297c6ce59a2c95ba7cbccbc368c6866dc9562c0b467193dce03,"Reusable component, not an independent business event. Expand consuming form fields during release review."
ireps-mobile-auth,src/features/meters/ForensicFooter.js,Shared input / presentation helper,,feature worktree / additional root,aa3ed1069153bd71a83f883c6c31ed9cfd5a814ffd7812cd2197c435fd4c19d9,"Reusable component, not an independent business event. Expand consuming form fields during release review."
ireps-mobile-auth,app/(tabs)/asts/disconnection.jsx,Form/action family or supporting source,FRM-017,feature worktree / additional root,f46b70507bc7500b0f58fa2cfde3fafe598beee0a2974417a139621d4892ec7d,Mapped package(s) cover the explicitly named variants; release status is separate.
ireps-mobile-auth,app/(tabs)/asts/commissioning.jsx,Form/action family or supporting source,FRM-014,feature worktree / additional root,ae0ff348f39168d22ba59e80a60c89f4e6bf7642ed25177d1319995894329316,Mapped package(s) cover the explicitly named variants; release status is separate.
ireps-mobile-auth,app/(tabs)/asts/meter-reading.js,Form/action family or supporting source,FRM-015,feature worktree / additional root,799eadf5ac28b9e2a16f4f3cbf32d6a26657a6ca1f9f6932ba7210e5acb02b2f,Mapped package(s) cover the explicitly named variants; release status is separate.
ireps-mobile-auth,app/(tabs)/asts/inspection.js,Form/action family or supporting source,FRM-016,feature worktree / additional root,0e24026f14e92dc3152c8aea3d16b08824672a7b4933f3d14b8a1ca2938a2c3b,Mapped package(s) cover the explicitly named variants; release status is separate.
ireps-mobile-auth,app/(tabs)/asts/reconnection.jsx,Form/action family or supporting source,FRM-018,feature worktree / additional root,343d0df80cb2b642fae50015935aba7c46400df183541d8bcec38408b7862141,Mapped package(s) cover the explicitly named variants; release status is separate.
ireps-mobile-auth,app/(tabs)/asts/removal.jsx,Form/action family or supporting source,FRM-019,feature worktree / additional root,2a7c01be01f0b3ec345dd94d8a7dfe8219430107010f8ecf7f2dc7eaa830e029,Mapped package(s) cover the explicitly named variants; release status is separate.
ireps-mobile-auth,src/features/filters/FilterSearchOverlay.js,"Search, selection, list or reporting surface",,feature worktree / additional root,6dccba9efb02db25d6e4b33665d1f38ee0e8d886db72a36c9ba3874ead836a47,View/selection controls are inventoried; not a separate meter registration/lifecycle form. Any mutation belongs to its operations/report family.
ireps-mobile-auth,src/features/reports/prepaidRevenue/MeterSearchBox.js,"Search, selection, list or reporting surface",,feature worktree / additional root,2fbbf897b6c64a97913e7d012201b1f20d365320ea7e7d8dede2264f7fadf94c,View/selection controls are inventoried; not a separate meter registration/lifecycle form. Any mutation belongs to its operations/report family.
ireps-mobile-auth,src/features/premises/FormInputAccountNo.js,Shared input / presentation helper,,feature worktree / additional root,2dd2849b159fdeac7c029038db4b4f4ba52b38992154daa75dd9ada66b9a536c,"Reusable component, not an independent business event. Expand consuming form fields during release review."
ireps-mobile-auth,src/features/premises/FormAccountData.js,Form/action family or supporting source,FRM-011,feature worktree / additional root,809577065b142ab3ce8804e65ec6408b89faf4cdd15db91cd3457935b8d70b39,Mapped package(s) cover the explicitly named variants; release status is separate.
ireps-mobile-auth,src/features/premises/formPremise.js,Form/action family or supporting source,FRM-010,feature worktree / additional root,b34bfbf172921e4c170fd292458e0108694b342ce752e7d08afc1e83212fc25b,Mapped package(s) cover the explicitly named variants; release status is separate.
ireps-mobile-auth,src/features/premises/PremiseSearch.js,"Search, selection, list or reporting surface",,feature worktree / additional root,eb94d82a0aa7b85c45420d0084dbf882539d340b2853ecc121ff77768dd57f85,View/selection controls are inventoried; not a separate meter registration/lifecycle form. Any mutation belongs to its operations/report family.
ireps-mobile-auth,app/(auth)/pwdReset.jsx,Form/action family or supporting source,FRM-003,feature worktree / additional root,a431a6a785ce832cbe0cb745cb0025bf361e4978514529403c20003363bd4f39,Mapped package(s) cover the explicitly named variants; release status is separate.
ireps-mobile-auth,app/(auth)/signin.jsx,Form/action family or supporting source,FRM-001;FRM-003,feature worktree / additional root,ce684b1ff99aba5579dff3c02099de37fcd2b054094a04897c95b536cae94bc5,Mapped package(s) cover the explicitly named variants; release status is separate.
ireps-mobile-auth,app/(auth)/signup.jsx,Form/action family or supporting source,FRM-002,feature worktree / additional root,cc2eb3f69f11baa25361eb48ff9a8d3a80bc51bc5f7d36f0a13f2d0efddf0bd3,Mapped package(s) cover the explicitly named variants; release status is separate.
ireps-mobile-auth,app/(tabs)/admin/operations/trn-origin.js,Form/action family or supporting source,FRM-026,feature worktree / additional root,5f6fabd325316af1855fd6080855993e78546bb970bea98bf621819067a45405,Mapped package(s) cover the explicitly named variants; release status is separate.
ireps-mobile-auth,app/(tabs)/admin/operations/teams.js,Form/action family or supporting source,FRM-024,feature worktree / additional root,ea805fdfa7dd7dd6815ea80c0b21dfdab4c1827c19dfa7f184a8e076bc633c2e,Mapped package(s) cover the explicitly named variants; release status is separate.
ireps-mobile-auth,app/(tabs)/admin/operations/targeted-batch-no-access.js,Form/action family or supporting source,FRM-020,feature worktree / additional root,76a5abee46cbd9ccff9c68532d50f2938e0331d71d4c07dc223027ddb2777f33,Mapped package(s) cover the explicitly named variants; release status is separate.
ireps-mobile-auth,app/(tabs)/admin/operations/my-workorders.js,Form/action family or supporting source,FRM-028,feature worktree / additional root,5ba2addf84eb28bfd1599c66684ba7afa94abbe317e2c403783c92741fe5645b,Mapped package(s) cover the explicitly named variants; release status is separate.
ireps-mobile-auth,app/(tabs)/admin/operations/geo-fences.js,Form/action family or supporting source,FRM-025,feature worktree / additional root,2260176306c8f9208f59fd9a48a3be486730f8ff7eae186c8d1a0fae91e4a61f,Mapped package(s) cover the explicitly named variants; release status is separate.
ireps-mobile-auth,src/features/asts/AstSearch.js,"Search, selection, list or reporting surface",,feature worktree / additional root,b433fc5615e0ab0c8935d92c39580c4e26df09b5e5c2d23e11d81a84aa6b329d,View/selection controls are inventoried; not a separate meter registration/lifecycle form. Any mutation belongs to its operations/report family.
ireps-mobile-auth,src/features/erfs/FormInformalErf.js,Form/action family or supporting source,FRM-012,feature worktree / additional root,ef0bad947d0e4fd6ae5381ff45dba427c6a4adb85c513dc3040fd572f6c2383b,Mapped package(s) cover the explicitly named variants; release status is separate.
ireps-mobile-auth,app/(tabs)/admin/operations/dashboard/control.js,Form/action family or supporting source,FRM-027,feature worktree / additional root,2f60aa08b2344593630390f69b71eb8b4aff3f6e882d6c1e9df85962cb1f1605,Mapped package(s) cover the explicitly named variants; release status is separate.
ireps-mobile-auth,app/(tabs)/admin/users/create-admin.js,Form/action family or supporting source,FRM-021,feature worktree / additional root,854e92a87dc970ffda8edf7f93a9f60e1bb1df834f2e77c37a008c14d395dafa,Mapped package(s) cover the explicitly named variants; release status is separate.
ireps-mobile-auth,app/(tabs)/admin/users/create-supervisor.js,Form/action family or supporting source,FRM-021,feature worktree / additional root,cb7b9d7af4efe9b20354bc7f5d5bb6635052745b00b455a2e59fe25442bba1b8,Mapped package(s) cover the explicitly named variants; release status is separate.
ireps-mobile-auth,app/(tabs)/admin/users/create-manager.js,Form/action family or supporting source,FRM-021,feature worktree / additional root,1352c328ee2a36e45828105acd78ed5d1881e4011847a1cd9b431e2cd72ec565,Mapped package(s) cover the explicitly named variants; release status is separate.
ireps-mobile-auth,app/(tabs)/admin/user/user-settings.js,Form/action family or supporting source,FRM-008;FRM-009,feature worktree / additional root,de5c890d668c7858ae84736f52b306426e19fec44a52a5d05eca38d781321890,Mapped package(s) cover the explicitly named variants; release status is separate.
ireps-mobile-auth,app/(tabs)/admin/settings/index.js,Form/action family or supporting source,FRM-034,feature worktree / additional root,b9a854155232ef98d72851ed4a550b07b1a97ec76349c87c27137e37c4046dd1,Mapped package(s) cover the explicitly named variants; release status is separate.
ireps-mobile-auth,app/(tabs)/admin/settings/select-lookups/[lookupKey].js,Form/action family or supporting source,FRM-034,feature worktree / additional root,854e1c8ea90806cc66329754a98961eb839c34a8a0ffc8bed4eb9dddd54707fc,Mapped package(s) cover the explicitly named variants; release status is separate.
ireps-mobile-auth,app/(tabs)/admin/settings/select-lookups/option.js,Form/action family or supporting source,FRM-034,feature worktree / additional root,112b61a1bd116b7b8d4938500cab97c11fb66ba55651e638f35e5a1baffb5acf,Mapped package(s) cover the explicitly named variants; release status is separate.
ireps-mobile-auth,app/(tabs)/admin/settings/select-lookups/index.js,"Search, selection, list or reporting surface",,feature worktree / additional root,d26868ede206dc49634dd4c4e2e96e5c4ea9d44416925bdf0c10fe6e873d3136,View/selection controls are inventoried; not a separate meter registration/lifecycle form. Any mutation belongs to its operations/report family.
ireps-mobile-auth,app/(tabs)/admin/settings/select-lookups/create.js,Form/action family or supporting source,FRM-034,feature worktree / additional root,eb71a299dc25f760b1b754ab432b8ff41c76b5b53e0e4a29f6d5c3524cf3d147,Mapped package(s) cover the explicitly named variants; release status is separate.
ireps-mobile-email,app/onboarding/verify-phone.js,Form/action family or supporting source,FRM-007,feature worktree / additional root,303b38ac568663f2e6db9b6270f315f8c692e01cbf3ec2821efc55d526a76418,Mapped package(s) cover the explicitly named variants; release status is separate.
ireps-mobile-email,app/onboarding/confirm-admin.js,Form/action family or supporting source,FRM-005,feature worktree / additional root,3cef40111f6257f083e299fb83b4f039869a25fd5419ea6d466b31a8296abd53,Mapped package(s) cover the explicitly named variants; release status is separate.
ireps-mobile-email,app/onboarding/complete-invited-profile.js,Form/action family or supporting source,FRM-005,feature worktree / additional root,90f4f1ac44c8f017cbb0cc08faf82287a5345a9c94007818e4c6e9907c0c4d86,Mapped package(s) cover the explicitly named variants; release status is separate.
ireps-mobile-email,app/onboarding/change-password.js,Form/action family or supporting source,FRM-004,feature worktree / additional root,2a5e8b613c0e845f98a3093d026532d111f7f1bf4f72fb8d986c20413c5bde4d,Mapped package(s) cover the explicitly named variants; release status is separate.
ireps-mobile-email,src/features/userHelper.js,Shared input / presentation helper,,feature worktree / additional root,e2f9a52822e37d809951be0acf4e5dd09ba445af35ecd5ef76b12b0cecf3ab98,"Reusable component, not an independent business event. Expand consuming form fields during release review."
ireps-mobile-email,src/features/meters/WaterMeterEntry.js,Form/action family or supporting source,FRM-013,feature worktree / additional root,dd1e508c4584e495019bf1a70353e7f1f9444fc8ecb735eac2f1d89ba28d8912,Mapped package(s) cover the explicitly named variants; release status is separate.
ireps-mobile-email,src/features/meters/FormMeterIstallation.js,Form/action family or supporting source,FRM-013,feature worktree / additional root,34b20f00aeb16d2bafa6de25c9e99e06485fdc343d0ce9c52fdaa98e86212865,Mapped package(s) cover the explicitly named variants; release status is separate.
ireps-mobile-email,src/features/meters/FormMeterDiscovery.js,Existing Meter Discovery form,MDIS,feature worktree / additional root,47401f8342a1587a8e71b9d34c346858f99469e32fe10decba25995c1f6695f8,Keep original detailed catalogue; path update added for this review.
ireps-mobile-email,src/features/meters/FormInputMeterNo.js,Shared input / presentation helper,,feature worktree / additional root,3851832074216f64b3b89106fe2662f49b46b03838faa294233fa22bb9a5aa2b,"Reusable component, not an independent business event. Expand consuming form fields during release review."
ireps-mobile-email,src/features/meters/ForensicFooter.js,Shared input / presentation helper,,feature worktree / additional root,aa3ed1069153bd71a83f883c6c31ed9cfd5a814ffd7812cd2197c435fd4c19d9,"Reusable component, not an independent business event. Expand consuming form fields during release review."
ireps-mobile-email,src/features/trns/TrnFilterModal.js,"Search, selection, list or reporting surface",,feature worktree / additional root,42500e32fae413abc0045f0923907304342e0f27f0686c0075ce061e8bb210ae,View/selection controls are inventoried; not a separate meter registration/lifecycle form. Any mutation belongs to its operations/report family.
ireps-mobile-email,src/features/serviceProviders/FormServiceProvider.js,Form/action family or supporting source,FRM-023,feature worktree / additional root,153c0776c420090baaa60ee5c2df59ec20b33b4dfaf2f4806c1a862214a02780,Mapped package(s) cover the explicitly named variants; release status is separate.
ireps-mobile-email,src/features/serviceProviders/FormEditServiceProvider.js,Form/action family or supporting source,FRM-023,feature worktree / additional root,f38b8db51f2778a79fc6b5de476fb93206c1e64ae81e700fd5019a6d9f51c6a5,Mapped package(s) cover the explicitly named variants; release status is separate.
ireps-mobile-email,src/features/serviceProviders/FormCreateServiceProvider.js,Form/action family or supporting source,FRM-023,feature worktree / additional root,a27cf1d0769fd87c3e28878b6cc90680876e4986322bc0d4834e24287c4fa630,Mapped package(s) cover the explicitly named variants; release status is separate.
ireps-mobile-email,src/features/filters/FilterSearchOverlay.js,"Search, selection, list or reporting surface",,feature worktree / additional root,6a714f3a043381dad41497c34fa3fa95786682da157abef5d97e0a199038152a,View/selection controls are inventoried; not a separate meter registration/lifecycle form. Any mutation belongs to its operations/report family.
ireps-mobile-email,src/features/premises/formPremise.js,Form/action family or supporting source,FRM-010,feature worktree / additional root,1abc8b3d0d2409afa0fd37e7109f8071a391f5a4446d76ec2ef2e979a56d8cfa,Mapped package(s) cover the explicitly named variants; release status is separate.
ireps-mobile-email,src/features/premises/FormInputAccountNo.js,Shared input / presentation helper,,feature worktree / additional root,2dd2849b159fdeac7c029038db4b4f4ba52b38992154daa75dd9ada66b9a536c,"Reusable component, not an independent business event. Expand consuming form fields during release review."
ireps-mobile-email,src/features/premises/FormAccountData.js,Form/action family or supporting source,FRM-011,feature worktree / additional root,809577065b142ab3ce8804e65ec6408b89faf4cdd15db91cd3457935b8d70b39,Mapped package(s) cover the explicitly named variants; release status is separate.
ireps-mobile-email,src/features/reports/prepaidRevenue/MeterSearchBox.js,"Search, selection, list or reporting surface",,feature worktree / additional root,2fbbf897b6c64a97913e7d012201b1f20d365320ea7e7d8dede2264f7fadf94c,View/selection controls are inventoried; not a separate meter registration/lifecycle form. Any mutation belongs to its operations/report family.
ireps-mobile-email,app/(tabs)/asts/inspection.js,Form/action family or supporting source,FRM-016,feature worktree / additional root,0e24026f14e92dc3152c8aea3d16b08824672a7b4933f3d14b8a1ca2938a2c3b,Mapped package(s) cover the explicitly named variants; release status is separate.
ireps-mobile-email,app/(tabs)/asts/disconnection.jsx,Form/action family or supporting source,FRM-017,feature worktree / additional root,f46b70507bc7500b0f58fa2cfde3fafe598beee0a2974417a139621d4892ec7d,Mapped package(s) cover the explicitly named variants; release status is separate.
ireps-mobile-email,app/(tabs)/asts/commissioning.jsx,Form/action family or supporting source,FRM-014,feature worktree / additional root,ae0ff348f39168d22ba59e80a60c89f4e6bf7642ed25177d1319995894329316,Mapped package(s) cover the explicitly named variants; release status is separate.
ireps-mobile-email,app/(tabs)/asts/removal.jsx,Form/action family or supporting source,FRM-019,feature worktree / additional root,2a7c01be01f0b3ec345dd94d8a7dfe8219430107010f8ecf7f2dc7eaa830e029,Mapped package(s) cover the explicitly named variants; release status is separate.
ireps-mobile-email,app/(tabs)/asts/reconnection.jsx,Form/action family or supporting source,FRM-018,feature worktree / additional root,343d0df80cb2b642fae50015935aba7c46400df183541d8bcec38408b7862141,Mapped package(s) cover the explicitly named variants; release status is separate.
ireps-mobile-email,app/(tabs)/asts/meter-reading.js,Form/action family or supporting source,FRM-015,feature worktree / additional root,799eadf5ac28b9e2a16f4f3cbf32d6a26657a6ca1f9f6932ba7210e5acb02b2f,Mapped package(s) cover the explicitly named variants; release status is separate.
ireps-mobile-email,app/(auth)/signup.jsx,Form/action family or supporting source,FRM-002,feature worktree / additional root,0c9499f0e295ebc83f121d9172d0d9404372242690969e5f1d8109d990b82fcf,Mapped package(s) cover the explicitly named variants; release status is separate.
ireps-mobile-email,app/(auth)/signin.jsx,Form/action family or supporting source,FRM-001;FRM-003,feature worktree / additional root,ce684b1ff99aba5579dff3c02099de37fcd2b054094a04897c95b536cae94bc5,Mapped package(s) cover the explicitly named variants; release status is separate.
ireps-mobile-email,src/features/erfs/FormInformalErf.js,Form/action family or supporting source,FRM-012,feature worktree / additional root,ef0bad947d0e4fd6ae5381ff45dba427c6a4adb85c513dc3040fd572f6c2383b,Mapped package(s) cover the explicitly named variants; release status is separate.
ireps-mobile-email,components/DateWindowPicker.js,"Search, selection, list or reporting surface",,feature worktree / additional root,2a05ee3604722e8267e421ea8af0e6e1622c6b5e8e9be99f62741548918dda75,View/selection controls are inventoried; not a separate meter registration/lifecycle form. Any mutation belongs to its operations/report family.
ireps-mobile-email,app/(tabs)/admin/user/user-settings.js,Form/action family or supporting source,FRM-008;FRM-009,feature worktree / additional root,6398606b6e51b1bdb4b0d3e4083d1ba08255382c4c3fe6aded8b25089487968b,Mapped package(s) cover the explicitly named variants; release status is separate.
ireps-mobile-email,app/(tabs)/admin/operations/trn-origin.js,Form/action family or supporting source,FRM-026,feature worktree / additional root,5f6fabd325316af1855fd6080855993e78546bb970bea98bf621819067a45405,Mapped package(s) cover the explicitly named variants; release status is separate.
ireps-mobile-email,app/(tabs)/admin/operations/teams.js,Form/action family or supporting source,FRM-024,feature worktree / additional root,ea805fdfa7dd7dd6815ea80c0b21dfdab4c1827c19dfa7f184a8e076bc633c2e,Mapped package(s) cover the explicitly named variants; release status is separate.
ireps-mobile-email,app/(tabs)/admin/operations/targeted-batch-no-access.js,Form/action family or supporting source,FRM-020,feature worktree / additional root,76a5abee46cbd9ccff9c68532d50f2938e0331d71d4c07dc223027ddb2777f33,Mapped package(s) cover the explicitly named variants; release status is separate.
ireps-mobile-email,app/(tabs)/admin/operations/my-workorders.js,Form/action family or supporting source,FRM-028,feature worktree / additional root,4fdccca9e82aa2f5d98d341b78c086f5061063cfb8c725e2573d6e2ff48d466b,Mapped package(s) cover the explicitly named variants; release status is separate.
ireps-mobile-email,app/(tabs)/admin/operations/geo-fences.js,Form/action family or supporting source,FRM-025,feature worktree / additional root,2260176306c8f9208f59fd9a48a3be486730f8ff7eae186c8d1a0fae91e4a61f,Mapped package(s) cover the explicitly named variants; release status is separate.
ireps-mobile-email,components/IrepsSelectWithOther.jsx,Shared input / presentation helper,,feature worktree / additional root,95c2dbb1f7c6faa75c1ed556988e6cf25af9b1efc89de97ff009d3fa9d09a761,"Reusable component, not an independent business event. Expand consuming form fields during release review."
ireps-mobile-email,app/(tabs)/admin/settings/select-lookups/[lookupKey].js,Form/action family or supporting source,FRM-034,feature worktree / additional root,854e1c8ea90806cc66329754a98961eb839c34a8a0ffc8bed4eb9dddd54707fc,Mapped package(s) cover the explicitly named variants; release status is separate.
ireps-mobile-email,app/(tabs)/admin/settings/select-lookups/option.js,Form/action family or supporting source,FRM-034,feature worktree / additional root,112b61a1bd116b7b8d4938500cab97c11fb66ba55651e638f35e5a1baffb5acf,Mapped package(s) cover the explicitly named variants; release status is separate.
ireps-mobile-email,app/(tabs)/admin/settings/select-lookups/index.js,"Search, selection, list or reporting surface",,feature worktree / additional root,d26868ede206dc49634dd4c4e2e96e5c4ea9d44416925bdf0c10fe6e873d3136,View/selection controls are inventoried; not a separate meter registration/lifecycle form. Any mutation belongs to its operations/report family.
ireps-mobile-email,app/(tabs)/admin/settings/select-lookups/create.js,Form/action family or supporting source,FRM-034,feature worktree / additional root,eb71a299dc25f760b1b754ab432b8ff41c76b5b53e0e4a29f6d5c3524cf3d147,Mapped package(s) cover the explicitly named variants; release status is separate.
ireps-mobile-email,app/(tabs)/admin/settings/index.js,Form/action family or supporting source,FRM-034,feature worktree / additional root,b9a854155232ef98d72851ed4a550b07b1a97ec76349c87c27137e37c4046dd1,Mapped package(s) cover the explicitly named variants; release status is separate.
ireps-mobile-email,components/forms/ElectricitySections.js,Form/action family or supporting source,FRM-013,feature worktree / additional root,0781be75569409913180ae052b1fca2c5ddb5715a4a0b6e9344d418d4481cb56,Mapped package(s) cover the explicitly named variants; release status is separate.
ireps-mobile-email,components/forms/FormBarcodeInput.js,Shared input / presentation helper,,feature worktree / additional root,85b022948acb95970b265d3e7e884d36c681bb3d49c298fe90e728a7b313216c,"Reusable component, not an independent business event. Expand consuming form fields during release review."
ireps-mobile-email,app/(tabs)/admin/operations/dashboard/control.js,Form/action family or supporting source,FRM-027,feature worktree / additional root,6a5fb4fa0fcb483dbbca2f9171af4aa237b6dba582024cb43cd54c03bf2e3f8d,Mapped package(s) cover the explicitly named variants; release status is separate.
ireps-mobile-email,app/(tabs)/admin/users/create-admin.js,Form/action family or supporting source,FRM-021,feature worktree / additional root,494809ddd049d64cdb43d6b313132e13df013e7e93bc22d30a39b55520d0ba8b,Mapped package(s) cover the explicitly named variants; release status is separate.
ireps-mobile-email,app/(tabs)/admin/users/create-manager.js,Form/action family or supporting source,FRM-021,feature worktree / additional root,506e4c6ce354a6276272ab67edc850a0b567c467043acba3a34f1463fe989270,Mapped package(s) cover the explicitly named variants; release status is separate.
ireps-mobile-email,app/(tabs)/admin/users/[uid].js,Form/action family or supporting source,FRM-022,feature worktree / additional root,b8e45df19bd71afac849372e21b60829e48c6ee767cad662d9a695df94371201,Mapped package(s) cover the explicitly named variants; release status is separate.
ireps-mobile-email,app/(tabs)/admin/users/create-supervisor.js,Form/action family or supporting source,FRM-021,feature worktree / additional root,b9fb2d8793ed94327173bd2d7c176cd92e773372b1193e07578790e7b4a4ef7a,Mapped package(s) cover the explicitly named variants; release status is separate.
ireps-mobile-email,components/forms/FormInput.js,Shared input / presentation helper,,feature worktree / additional root,01dc8ce4c96af0ab6eac43a3a0b77be268d7677e18e4e2417fcde24c1aa68fa8,"Reusable component, not an independent business event. Expand consuming form fields during release review."
ireps-mobile-email,components/forms/WaterSections.js,Form/action family or supporting source,FRM-013,feature worktree / additional root,daf7f5b32ba7624bdf2ec205cf252ed63355d36a40b206d056e498b7b42d2697,Mapped package(s) cover the explicitly named variants; release status is separate.
ireps-mobile-email,components/forms/RemainingCreditSection.js,Form/action family or supporting source,FRM-013,feature worktree / additional root,ddc7b389951748f5bd43f7600c191aff2c7c42c92adce8c8555529eb4b930bcc,Mapped package(s) cover the explicitly named variants; release status is separate.
ireps-mobile-email,components/forms/IrepsNoAccessSection.js,Form/action family or supporting source,FRM-020,feature worktree / additional root,021b3f878fe25eae31b17ee6edaba1b8da8a01afbb6bfccbb63ddcff17237dbe,Mapped package(s) cover the explicitly named variants; release status is separate.
ireps-mobile-email,components/forms/IrepsFieldCommentSection.js,Form/action family or supporting source,FRM-013,feature worktree / additional root,3fab953e41b03c085a0105bbf37a25bd281cbb8316cfed401893662be1be00a7,Mapped package(s) cover the explicitly named variants; release status is separate.
ireps-mobile-email,components/forms/FormSubmitButton.js,Shared input / presentation helper,,feature worktree / additional root,884daad02dad7539a4e2b6e54d3fbde376e19b3c7e63d02427f5c256a6186766,"Reusable component, not an independent business event. Expand consuming form fields during release review."
ireps-mobile-forms,app/onboarding/confirm-admin.js,Form/action family or supporting source,FRM-005,feature worktree / additional root,f8a860cd53dfa0342303d594fb5a172b57f15731ae35257ab7054ceb7e295e0a,Mapped package(s) cover the explicitly named variants; release status is separate.
ireps-mobile-forms,app/onboarding/complete-invited-profile.js,Form/action family or supporting source,FRM-005,feature worktree / additional root,e46ff86916ce0ea5d0ce2401bb83a874c19d13fbd3542d23706abd23e8d00290,Mapped package(s) cover the explicitly named variants; release status is separate.
ireps-mobile-forms,app/onboarding/change-password.js,Form/action family or supporting source,FRM-004,feature worktree / additional root,7d81afed37c58ab9ef390ccd0b235de87098615625360e905c9afaefc9daf1b2,Mapped package(s) cover the explicitly named variants; release status is separate.
ireps-mobile-forms,app/onboarding/verify-phone.js,Form/action family or supporting source,FRM-007,feature worktree / additional root,14ff52281e56bc933cd50fce6a3d390105df4b71d65681676a7324216b706fe3,Mapped package(s) cover the explicitly named variants; release status is separate.
ireps-mobile-forms,app/(auth)/signin.jsx,Form/action family or supporting source,FRM-001;FRM-003,feature worktree / additional root,311bf9c4b53571cbeb47d96bba3ffac3e544f50bccfa9d715b46513940911d7a,Mapped package(s) cover the explicitly named variants; release status is separate.
ireps-mobile-forms,app/(auth)/signup.jsx,Form/action family or supporting source,FRM-002,feature worktree / additional root,6fb3320b1f90312372a8502427e3c84d06ac3e3e2390100f576897eb88e19e7c,Mapped package(s) cover the explicitly named variants; release status is separate.
ireps-mobile-forms,src/features/userHelper.js,Shared input / presentation helper,,feature worktree / additional root,88aafc1db04be8795e451f3843943a910a24f4a5a42bda9a66aae49ecf51b342,"Reusable component, not an independent business event. Expand consuming form fields during release review."
ireps-mobile-forms,src/features/meters/FormMeterIstallation.js,Form/action family or supporting source,FRM-013,feature worktree / additional root,e057796ffec0b60e95b6cda16fee3e1dd2486f0c86bbaf72cc0146763bc7a4e4,Mapped package(s) cover the explicitly named variants; release status is separate.
ireps-mobile-forms,src/features/meters/FormMeterDiscovery.js,Existing Meter Discovery form,MDIS,feature worktree / additional root,de59374a7d3cca9820e74b135cc133a5f0fdfd363430c64640f997020d165c0b,Keep original detailed catalogue; path update added for this review.
ireps-mobile-forms,src/features/meters/FormInputMeterNo.js,Shared input / presentation helper,,feature worktree / additional root,f860a5065caf26923913e5ee659db93d9edaeadb742f85146b6988f8b64e4ac3,"Reusable component, not an independent business event. Expand consuming form fields during release review."
ireps-mobile-forms,src/features/meters/ForensicFooter.js,Shared input / presentation helper,,feature worktree / additional root,a873c087df96262d9b5ae78cfb8a1c2ca851d3c762fef61fe8ace4e00a25f2b2,"Reusable component, not an independent business event. Expand consuming form fields during release review."
ireps-mobile-forms,src/features/meters/WaterMeterEntry.js,Form/action family or supporting source,FRM-013,feature worktree / additional root,dd1e508c4584e495019bf1a70353e7f1f9444fc8ecb735eac2f1d89ba28d8912,Mapped package(s) cover the explicitly named variants; release status is separate.
ireps-mobile-forms,app/(tabs)/asts/removal.jsx,Form/action family or supporting source,FRM-019,feature worktree / additional root,dae027fa0a72646a94a573b4e1203aa37a82118b873eb0fd9cb79352f4a4ac89,Mapped package(s) cover the explicitly named variants; release status is separate.
ireps-mobile-forms,app/(tabs)/asts/reconnection.jsx,Form/action family or supporting source,FRM-018,feature worktree / additional root,ae39449a5a25b7189fa6b67365b1129107da413cf2b9ca7a13e98133b95cdaee,Mapped package(s) cover the explicitly named variants; release status is separate.
ireps-mobile-forms,app/(tabs)/asts/meter-reading.js,Form/action family or supporting source,FRM-015,feature worktree / additional root,be5a748e282611f9b06bbaa5d57e1f40794ad08feaff8bebe3bc09a64bf31e0b,Mapped package(s) cover the explicitly named variants; release status is separate.
ireps-mobile-forms,app/(tabs)/asts/inspection.js,Form/action family or supporting source,FRM-016,feature worktree / additional root,6bd5fb5f1f8e47f07bd3669bae7dabeb569421153601e5f5cb464ec3fb763999,Mapped package(s) cover the explicitly named variants; release status is separate.
ireps-mobile-forms,app/(tabs)/asts/disconnection.jsx,Form/action family or supporting source,FRM-017,feature worktree / additional root,50b41cbc763d196044aa6dcc2fbfcf1ebcec80933b48b980948ecb73009f7ecb,Mapped package(s) cover the explicitly named variants; release status is separate.
ireps-mobile-forms,app/(tabs)/asts/commissioning.jsx,Form/action family or supporting source,FRM-014,feature worktree / additional root,e85317d27a88a4ff06ad15fc0bcd1eb629f8dbfa442036007708b263113c651a,Mapped package(s) cover the explicitly named variants; release status is separate.
ireps-mobile-forms,src/features/filters/FilterSearchOverlay.js,"Search, selection, list or reporting surface",,feature worktree / additional root,5c95fb31bd4e0b5aabc6633faf78ce521f05c8323ec98c60f812637c0f84fdbd,View/selection controls are inventoried; not a separate meter registration/lifecycle form. Any mutation belongs to its operations/report family.
ireps-mobile-forms,components/DateWindowPicker.js,"Search, selection, list or reporting surface",,feature worktree / additional root,2755a4ebdc8f4c221f5b314bab5a552abd412474663aab00a1b8a1d0a8b14001,View/selection controls are inventoried; not a separate meter registration/lifecycle form. Any mutation belongs to its operations/report family.
ireps-mobile-forms,components/IrepsSelectWithOther.jsx,Shared input / presentation helper,,feature worktree / additional root,92b4c07689eaae6c357cf3d4d3b83107b732e0512801e2974651b3e9f7ecbe3a,"Reusable component, not an independent business event. Expand consuming form fields during release review."
ireps-mobile-forms,src/features/erfs/FormInformalErf.js,Form/action family or supporting source,FRM-012,feature worktree / additional root,000ddaf4dfcd93604639019d14ea83ec4bd21d55fcb998abf584a76c9bfa2ed7,Mapped package(s) cover the explicitly named variants; release status is separate.
ireps-mobile-forms,src/features/trns/TrnFilterModal.js,"Search, selection, list or reporting surface",,feature worktree / additional root,93317684d6ef0f0d1a2b4ad948489ca329250c3769668a681ae95a5971ebc448,View/selection controls are inventoried; not a separate meter registration/lifecycle form. Any mutation belongs to its operations/report family.
ireps-mobile-forms,components/forms/ElectricitySections.js,Form/action family or supporting source,FRM-013,feature worktree / additional root,39d2162afa73278646c682b1acf9abab538c5b353dfb0351feaaa340d87f0536,Mapped package(s) cover the explicitly named variants; release status is separate.
ireps-mobile-forms,src/features/serviceProviders/FormServiceProvider.js,Form/action family or supporting source,FRM-023,feature worktree / additional root,be447a55c41a9926200f1bf5e376a9a1cf56f26c1b9702d2d1b1161fbfbcc1ce,Mapped package(s) cover the explicitly named variants; release status is separate.
ireps-mobile-forms,src/features/serviceProviders/FormEditServiceProvider.js,Form/action family or supporting source,FRM-023,feature worktree / additional root,f38b8db51f2778a79fc6b5de476fb93206c1e64ae81e700fd5019a6d9f51c6a5,Mapped package(s) cover the explicitly named variants; release status is separate.
ireps-mobile-forms,src/features/serviceProviders/FormCreateServiceProvider.js,Form/action family or supporting source,FRM-023,feature worktree / additional root,a27cf1d0769fd87c3e28878b6cc90680876e4986322bc0d4834e24287c4fa630,Mapped package(s) cover the explicitly named variants; release status is separate.
ireps-mobile-forms,components/forms/WaterSections.js,Form/action family or supporting source,FRM-013,feature worktree / additional root,32f028a53a10d5a689cec4a7d322d3659a4b5306d119e50428205b8ad9db67c5,Mapped package(s) cover the explicitly named variants; release status is separate.
ireps-mobile-forms,components/forms/RemainingCreditSection.js,Form/action family or supporting source,FRM-013,feature worktree / additional root,ddc7b389951748f5bd43f7600c191aff2c7c42c92adce8c8555529eb4b930bcc,Mapped package(s) cover the explicitly named variants; release status is separate.
ireps-mobile-forms,components/forms/IrepsNoAccessSection.js,Form/action family or supporting source,FRM-020,feature worktree / additional root,c963cfbd1fbd5ceca2c655494c607e647f1105a3fe0d68b6030861fe79e1599e,Mapped package(s) cover the explicitly named variants; release status is separate.
ireps-mobile-forms,components/forms/IrepsFieldCommentSection.js,Form/action family or supporting source,FRM-013,feature worktree / additional root,b3d9f06a882aaa6fba656bd0dabab81770c35f7c51770eb7befadacc86d368a9,Mapped package(s) cover the explicitly named variants; release status is separate.
ireps-mobile-forms,components/forms/FormSubmitButton.js,Shared input / presentation helper,,feature worktree / additional root,884daad02dad7539a4e2b6e54d3fbde376e19b3c7e63d02427f5c256a6186766,"Reusable component, not an independent business event. Expand consuming form fields during release review."
ireps-mobile-forms,components/forms/FormInput.js,Shared input / presentation helper,,feature worktree / additional root,d5fe16f22bfcdef86cc37640dfcaabe49ce3851432d2563f4a6891cf71c472cc,"Reusable component, not an independent business event. Expand consuming form fields during release review."
ireps-mobile-forms,components/forms/FormBarcodeInput.js,Shared input / presentation helper,,feature worktree / additional root,178abeb12baabeacf91b2b77497b1c76ed93fee5af7ef584fa5195c53f6af636,"Reusable component, not an independent business event. Expand consuming form fields during release review."
ireps-mobile-forms,app/(tabs)/admin/users/create-supervisor.js,Form/action family or supporting source,FRM-021,feature worktree / additional root,44e0483f0a5e36d0a2315e526718bb1ce6366ad30aa96b854ac8de69ea222273,Mapped package(s) cover the explicitly named variants; release status is separate.
ireps-mobile-forms,app/(tabs)/admin/users/create-manager.js,Form/action family or supporting source,FRM-021,feature worktree / additional root,8ddda4621f3775799dc610aad16862234d5b574a6a2ea315e66ae72a92fdf425,Mapped package(s) cover the explicitly named variants; release status is separate.
ireps-mobile-forms,app/(tabs)/admin/users/create-admin.js,Form/action family or supporting source,FRM-021,feature worktree / additional root,751661328384ddadae5947530941c2c95b32b1647a73a65027d207322632ad94,Mapped package(s) cover the explicitly named variants; release status is separate.
ireps-mobile-forms,app/(tabs)/admin/operations/geo-fences.js,Form/action family or supporting source,FRM-025,feature worktree / additional root,8ec025eff5534bed935af3c982688d46bdd75b32bbcda5bd2d0ba8ae3e3120e0,Mapped package(s) cover the explicitly named variants; release status is separate.
ireps-mobile-forms,app/(tabs)/admin/operations/my-workorders.js,Form/action family or supporting source,FRM-028,feature worktree / additional root,d522ae7de22b2efd4b2834e8bf3793facc8e3bb8ae970fb71fb214b07aa906f8,Mapped package(s) cover the explicitly named variants; release status is separate.
ireps-mobile-forms,src/features/premises/formPremise.js,Form/action family or supporting source,FRM-010,feature worktree / additional root,ee73ef0247667cada06bfa86f7dd9eb737b60f5773e8b47528a23a609bd66587,Mapped package(s) cover the explicitly named variants; release status is separate.
ireps-mobile-forms,src/features/premises/FormInputAccountNo.js,Shared input / presentation helper,,feature worktree / additional root,66b13e486f92bf9bd8addd90fff685a7941bef83a891c6fc99a47761771f9dcc,"Reusable component, not an independent business event. Expand consuming form fields during release review."
ireps-mobile-forms,src/features/premises/FormAccountData.js,Form/action family or supporting source,FRM-011,feature worktree / additional root,1f6d52a80337066eab70d430b14b8fae46128cede39cda711de703ef4de71749,Mapped package(s) cover the explicitly named variants; release status is separate.
ireps-mobile-forms,app/(tabs)/admin/user/user-settings.js,Form/action family or supporting source,FRM-008;FRM-009,feature worktree / additional root,de5c890d668c7858ae84736f52b306426e19fec44a52a5d05eca38d781321890,Mapped package(s) cover the explicitly named variants; release status is separate.
ireps-mobile-forms,app/(tabs)/admin/operations/dashboard/control.js,Form/action family or supporting source,FRM-027,feature worktree / additional root,c84e1b309fb6e8b8d20474130b04b9dd09eaf4e8842c8648ec64e3a82b790b72,Mapped package(s) cover the explicitly named variants; release status is separate.
ireps-mobile-forms,src/features/reports/prepaidRevenue/MeterSearchBox.js,"Search, selection, list or reporting surface",,feature worktree / additional root,a8aab650e9832653b4788b99037c9d318c5b0e7888d17ff6a4dd39cf17ae5c5f,View/selection controls are inventoried; not a separate meter registration/lifecycle form. Any mutation belongs to its operations/report family.
ireps-mobile-forms,app/(tabs)/admin/operations/trn-origin.js,Form/action family or supporting source,FRM-026,feature worktree / additional root,9f0678aae1c0b33c004d0c8a7a686a1d07bc1815b5757ac9a16f65fe8357d1db,Mapped package(s) cover the explicitly named variants; release status is separate.
ireps-mobile-forms,app/(tabs)/admin/operations/teams.js,Form/action family or supporting source,FRM-024,feature worktree / additional root,61bc7176a84125d73f3409871c67afd8f8b82c26387fa4625118d93e3cf2b972,Mapped package(s) cover the explicitly named variants; release status is separate.
ireps-mobile-forms,app/(tabs)/admin/operations/targeted-batch-no-access.js,Form/action family or supporting source,FRM-020,feature worktree / additional root,76a5abee46cbd9ccff9c68532d50f2938e0331d71d4c07dc223027ddb2777f33,Mapped package(s) cover the explicitly named variants; release status is separate.
ireps-mobile-forms,app/(tabs)/admin/settings/index.js,Form/action family or supporting source,FRM-034,feature worktree / additional root,099b2d6372f3b9b2aa49c4dd0455f94b05b32b828b174e6ac4dbd6dbc028c340,Mapped package(s) cover the explicitly named variants; release status is separate.
ireps-mobile-wo-v2,app/onboarding/confirm-admin.js,Form/action family or supporting source,FRM-005,feature worktree / additional root,f8a860cd53dfa0342303d594fb5a172b57f15731ae35257ab7054ceb7e295e0a,Mapped package(s) cover the explicitly named variants; release status is separate.
ireps-mobile-wo-v2,app/onboarding/complete-invited-profile.js,Form/action family or supporting source,FRM-005,feature worktree / additional root,e46ff86916ce0ea5d0ce2401bb83a874c19d13fbd3542d23706abd23e8d00290,Mapped package(s) cover the explicitly named variants; release status is separate.
ireps-mobile-wo-v2,app/onboarding/change-password.js,Form/action family or supporting source,FRM-004,feature worktree / additional root,7d81afed37c58ab9ef390ccd0b235de87098615625360e905c9afaefc9daf1b2,Mapped package(s) cover the explicitly named variants; release status is separate.
ireps-mobile-wo-v2,app/onboarding/verify-phone.js,Form/action family or supporting source,FRM-007,feature worktree / additional root,14ff52281e56bc933cd50fce6a3d390105df4b71d65681676a7324216b706fe3,Mapped package(s) cover the explicitly named variants; release status is separate.
ireps-mobile-wo-v2,components/IrepsSelectWithOther.jsx,Shared input / presentation helper,,feature worktree / additional root,92b4c07689eaae6c357cf3d4d3b83107b732e0512801e2974651b3e9f7ecbe3a,"Reusable component, not an independent business event. Expand consuming form fields during release review."
ireps-mobile-wo-v2,components/DateWindowPicker.js,"Search, selection, list or reporting surface",,feature worktree / additional root,2755a4ebdc8f4c221f5b314bab5a552abd412474663aab00a1b8a1d0a8b14001,View/selection controls are inventoried; not a separate meter registration/lifecycle form. Any mutation belongs to its operations/report family.
ireps-mobile-wo-v2,app/(tabs)/asts/disconnection.jsx,Form/action family or supporting source,FRM-017,feature worktree / additional root,6a525cff662ef76bd52db5c8c8a7916dc6fa1c002b9889a5ac4b5e1d27b52574,Mapped package(s) cover the explicitly named variants; release status is separate.
ireps-mobile-wo-v2,app/(tabs)/asts/commissioning.jsx,Form/action family or supporting source,FRM-014,feature worktree / additional root,e85317d27a88a4ff06ad15fc0bcd1eb629f8dbfa442036007708b263113c651a,Mapped package(s) cover the explicitly named variants; release status is separate.
ireps-mobile-wo-v2,app/(auth)/signup.jsx,Form/action family or supporting source,FRM-002,feature worktree / additional root,6fb3320b1f90312372a8502427e3c84d06ac3e3e2390100f576897eb88e19e7c,Mapped package(s) cover the explicitly named variants; release status is separate.
ireps-mobile-wo-v2,app/(auth)/signin.jsx,Form/action family or supporting source,FRM-001;FRM-003,feature worktree / additional root,311bf9c4b53571cbeb47d96bba3ffac3e544f50bccfa9d715b46513940911d7a,Mapped package(s) cover the explicitly named variants; release status is separate.
ireps-mobile-wo-v2,app/(tabs)/asts/meter-reading.js,Form/action family or supporting source,FRM-015,feature worktree / additional root,be5a748e282611f9b06bbaa5d57e1f40794ad08feaff8bebe3bc09a64bf31e0b,Mapped package(s) cover the explicitly named variants; release status is separate.
ireps-mobile-wo-v2,app/(tabs)/asts/inspection.js,Form/action family or supporting source,FRM-016,feature worktree / additional root,6bd5fb5f1f8e47f07bd3669bae7dabeb569421153601e5f5cb464ec3fb763999,Mapped package(s) cover the explicitly named variants; release status is separate.
ireps-mobile-wo-v2,app/(tabs)/asts/reconnection.jsx,Form/action family or supporting source,FRM-018,feature worktree / additional root,b6b1ca078b13916c6fb3e873e242bbc0ebc95a4c4055ca0c856fbf0c163d0801,Mapped package(s) cover the explicitly named variants; release status is separate.
ireps-mobile-wo-v2,app/(tabs)/asts/removal.jsx,Form/action family or supporting source,FRM-019,feature worktree / additional root,dae027fa0a72646a94a573b4e1203aa37a82118b873eb0fd9cb79352f4a4ac89,Mapped package(s) cover the explicitly named variants; release status is separate.
ireps-mobile-wo-v2,components/forms/FormBarcodeInput.js,Shared input / presentation helper,,feature worktree / additional root,178abeb12baabeacf91b2b77497b1c76ed93fee5af7ef584fa5195c53f6af636,"Reusable component, not an independent business event. Expand consuming form fields during release review."
ireps-mobile-wo-v2,components/forms/ElectricitySections.js,Form/action family or supporting source,FRM-013,feature worktree / additional root,1648fdcfd74289a72fdd68412ab62d565a96b2b13f9cb8a0c9da1aa9b58e97a9,Mapped package(s) cover the explicitly named variants; release status is separate.
ireps-mobile-wo-v2,components/forms/FormInput.js,Shared input / presentation helper,,feature worktree / additional root,d5fe16f22bfcdef86cc37640dfcaabe49ce3851432d2563f4a6891cf71c472cc,"Reusable component, not an independent business event. Expand consuming form fields during release review."
ireps-mobile-wo-v2,components/forms/FormSubmitButton.js,Shared input / presentation helper,,feature worktree / additional root,884daad02dad7539a4e2b6e54d3fbde376e19b3c7e63d02427f5c256a6186766,"Reusable component, not an independent business event. Expand consuming form fields during release review."
ireps-mobile-wo-v2,components/forms/IrepsNoAccessSection.js,Form/action family or supporting source,FRM-020,feature worktree / additional root,c963cfbd1fbd5ceca2c655494c607e647f1105a3fe0d68b6030861fe79e1599e,Mapped package(s) cover the explicitly named variants; release status is separate.
ireps-mobile-wo-v2,components/forms/IrepsFieldCommentSection.js,Form/action family or supporting source,FRM-013,feature worktree / additional root,b3d9f06a882aaa6fba656bd0dabab81770c35f7c51770eb7befadacc86d368a9,Mapped package(s) cover the explicitly named variants; release status is separate.
ireps-mobile-wo-v2,components/forms/WaterSections.js,Form/action family or supporting source,FRM-013,feature worktree / additional root,83f1aca33041fa5c576e7ff162f66852e1bf6c2e1a1b3d14d83a55a2c7075d60,Mapped package(s) cover the explicitly named variants; release status is separate.
ireps-mobile-wo-v2,components/forms/RemainingCreditSection.js,Form/action family or supporting source,FRM-013,feature worktree / additional root,ddc7b389951748f5bd43f7600c191aff2c7c42c92adce8c8555529eb4b930bcc,Mapped package(s) cover the explicitly named variants; release status is separate.
ireps-mobile-wo-v2,src/features/userHelper.js,Shared input / presentation helper,,feature worktree / additional root,88aafc1db04be8795e451f3843943a910a24f4a5a42bda9a66aae49ecf51b342,"Reusable component, not an independent business event. Expand consuming form fields during release review."
ireps-mobile-wo-v2,src/features/meters/WaterMeterEntry.js,Form/action family or supporting source,FRM-013,feature worktree / additional root,dd1e508c4584e495019bf1a70353e7f1f9444fc8ecb735eac2f1d89ba28d8912,Mapped package(s) cover the explicitly named variants; release status is separate.
ireps-mobile-wo-v2,src/features/meters/FormMeterIstallation.js,Form/action family or supporting source,FRM-013,feature worktree / additional root,e057796ffec0b60e95b6cda16fee3e1dd2486f0c86bbaf72cc0146763bc7a4e4,Mapped package(s) cover the explicitly named variants; release status is separate.
ireps-mobile-wo-v2,src/features/meters/FormMeterDiscovery.js,Existing Meter Discovery form,MDIS,feature worktree / additional root,de59374a7d3cca9820e74b135cc133a5f0fdfd363430c64640f997020d165c0b,Keep original detailed catalogue; path update added for this review.
ireps-mobile-wo-v2,src/features/meters/FormInputMeterNo.js,Shared input / presentation helper,,feature worktree / additional root,67610e0694286be90a4bd8b6ee02cf112a39011f554f65584e5d2906c43d4fd5,"Reusable component, not an independent business event. Expand consuming form fields during release review."
ireps-mobile-wo-v2,src/features/meters/ForensicFooter.js,Shared input / presentation helper,,feature worktree / additional root,a873c087df96262d9b5ae78cfb8a1c2ca851d3c762fef61fe8ace4e00a25f2b2,"Reusable component, not an independent business event. Expand consuming form fields during release review."
ireps-mobile-wo-v2,app/(tabs)/admin/users/create-supervisor.js,Form/action family or supporting source,FRM-021,feature worktree / additional root,44e0483f0a5e36d0a2315e526718bb1ce6366ad30aa96b854ac8de69ea222273,Mapped package(s) cover the explicitly named variants; release status is separate.
ireps-mobile-wo-v2,app/(tabs)/admin/users/create-manager.js,Form/action family or supporting source,FRM-021,feature worktree / additional root,8ddda4621f3775799dc610aad16862234d5b574a6a2ea315e66ae72a92fdf425,Mapped package(s) cover the explicitly named variants; release status is separate.
ireps-mobile-wo-v2,app/(tabs)/admin/users/create-admin.js,Form/action family or supporting source,FRM-021,feature worktree / additional root,751661328384ddadae5947530941c2c95b32b1647a73a65027d207322632ad94,Mapped package(s) cover the explicitly named variants; release status is separate.
ireps-mobile-wo-v2,src/features/trns/TrnFilterModal.js,"Search, selection, list or reporting surface",,feature worktree / additional root,93317684d6ef0f0d1a2b4ad948489ca329250c3769668a681ae95a5971ebc448,View/selection controls are inventoried; not a separate meter registration/lifecycle form. Any mutation belongs to its operations/report family.
ireps-mobile-wo-v2,app/(tabs)/admin/user/user-settings.js,Form/action family or supporting source,FRM-008;FRM-009,feature worktree / additional root,de5c890d668c7858ae84736f52b306426e19fec44a52a5d05eca38d781321890,Mapped package(s) cover the explicitly named variants; release status is separate.
ireps-mobile-wo-v2,app/(tabs)/admin/operations/geo-fences.js,Form/action family or supporting source,FRM-025,feature worktree / additional root,8ec025eff5534bed935af3c982688d46bdd75b32bbcda5bd2d0ba8ae3e3120e0,Mapped package(s) cover the explicitly named variants; release status is separate.
ireps-mobile-wo-v2,app/(tabs)/admin/operations/my-workorders.js,Form/action family or supporting source,FRM-028,feature worktree / additional root,d522ae7de22b2efd4b2834e8bf3793facc8e3bb8ae970fb71fb214b07aa906f8,Mapped package(s) cover the explicitly named variants; release status is separate.
ireps-mobile-wo-v2,app/(tabs)/admin/operations/trn-origin.js,Form/action family or supporting source,FRM-026,feature worktree / additional root,22c46915c8d0d55aaef2158353c4c4d237b37815d28f161c1ea8c3942d79a9dc,Mapped package(s) cover the explicitly named variants; release status is separate.
ireps-mobile-wo-v2,app/(tabs)/admin/operations/teams.js,Form/action family or supporting source,FRM-024,feature worktree / additional root,61bc7176a84125d73f3409871c67afd8f8b82c26387fa4625118d93e3cf2b972,Mapped package(s) cover the explicitly named variants; release status is separate.
ireps-mobile-wo-v2,app/(tabs)/admin/operations/targeted-batch-no-access.js,Form/action family or supporting source,FRM-020,feature worktree / additional root,76a5abee46cbd9ccff9c68532d50f2938e0331d71d4c07dc223027ddb2777f33,Mapped package(s) cover the explicitly named variants; release status is separate.
ireps-mobile-wo-v2,app/(tabs)/admin/operations/dashboard/control.js,Form/action family or supporting source,FRM-027,feature worktree / additional root,c84e1b309fb6e8b8d20474130b04b9dd09eaf4e8842c8648ec64e3a82b790b72,Mapped package(s) cover the explicitly named variants; release status is separate.
ireps-mobile-wo-v2,src/features/filters/FilterSearchOverlay.js,"Search, selection, list or reporting surface",,feature worktree / additional root,5c95fb31bd4e0b5aabc6633faf78ce521f05c8323ec98c60f812637c0f84fdbd,View/selection controls are inventoried; not a separate meter registration/lifecycle form. Any mutation belongs to its operations/report family.
ireps-mobile-wo-v2,src/features/serviceProviders/FormEditServiceProvider.js,Form/action family or supporting source,FRM-023,feature worktree / additional root,f38b8db51f2778a79fc6b5de476fb93206c1e64ae81e700fd5019a6d9f51c6a5,Mapped package(s) cover the explicitly named variants; release status is separate.
ireps-mobile-wo-v2,src/features/serviceProviders/FormCreateServiceProvider.js,Form/action family or supporting source,FRM-023,feature worktree / additional root,a27cf1d0769fd87c3e28878b6cc90680876e4986322bc0d4834e24287c4fa630,Mapped package(s) cover the explicitly named variants; release status is separate.
ireps-mobile-wo-v2,src/features/serviceProviders/FormServiceProvider.js,Form/action family or supporting source,FRM-023,feature worktree / additional root,be447a55c41a9926200f1bf5e376a9a1cf56f26c1b9702d2d1b1161fbfbcc1ce,Mapped package(s) cover the explicitly named variants; release status is separate.
ireps-mobile-wo-v2,app/(tabs)/admin/settings/index.js,Form/action family or supporting source,FRM-034,feature worktree / additional root,b9a854155232ef98d72851ed4a550b07b1a97ec76349c87c27137e37c4046dd1,Mapped package(s) cover the explicitly named variants; release status is separate.
ireps-mobile-wo-v2,src/features/premises/FormAccountData.js,Form/action family or supporting source,FRM-011,feature worktree / additional root,1f6d52a80337066eab70d430b14b8fae46128cede39cda711de703ef4de71749,Mapped package(s) cover the explicitly named variants; release status is separate.
ireps-mobile-wo-v2,src/features/premises/FormInputAccountNo.js,Shared input / presentation helper,,feature worktree / additional root,66b13e486f92bf9bd8addd90fff685a7941bef83a891c6fc99a47761771f9dcc,"Reusable component, not an independent business event. Expand consuming form fields during release review."
ireps-mobile-wo-v2,src/features/premises/formPremise.js,Form/action family or supporting source,FRM-010,feature worktree / additional root,ee73ef0247667cada06bfa86f7dd9eb737b60f5773e8b47528a23a609bd66587,Mapped package(s) cover the explicitly named variants; release status is separate.
ireps-mobile-wo-v2,app/(tabs)/admin/settings/select-lookups/create.js,Form/action family or supporting source,FRM-034,feature worktree / additional root,ed1f636129daf931cab343e181fbb12300b0ef3598cf076b58cbc1f09719ac2f,Mapped package(s) cover the explicitly named variants; release status is separate.
ireps-mobile-wo-v2,app/(tabs)/admin/settings/select-lookups/[lookupKey].js,Form/action family or supporting source,FRM-034,feature worktree / additional root,c4cd98a17dcb2653331b21e9b5ba5a34c3fdb863160160d422889cdc946ac1da,Mapped package(s) cover the explicitly named variants; release status is separate.
ireps-mobile-wo-v2,app/(tabs)/admin/settings/select-lookups/option.js,Form/action family or supporting source,FRM-034,feature worktree / additional root,bf1e681fab1dd37b58266eec42c159557ea56928d47b75327db9e27d30ee764b,Mapped package(s) cover the explicitly named variants; release status is separate.
ireps-mobile-wo-v2,app/(tabs)/admin/settings/select-lookups/index.js,"Search, selection, list or reporting surface",,feature worktree / additional root,23f14f4607d40bace0f44de6428f78140d90682f48639b7a27a4ab919b7abd3e,View/selection controls are inventoried; not a separate meter registration/lifecycle form. Any mutation belongs to its operations/report family.
ireps-mobile-wo-v2,src/features/erfs/FormInformalErf.js,Form/action family or supporting source,FRM-012,feature worktree / additional root,000ddaf4dfcd93604639019d14ea83ec4bd21d55fcb998abf584a76c9bfa2ed7,Mapped package(s) cover the explicitly named variants; release status is separate.
ireps-mobile-wo-v2,src/features/reports/prepaidRevenue/MeterSearchBox.js,"Search, selection, list or reporting surface",,feature worktree / additional root,a8aab650e9832653b4788b99037c9d318c5b0e7888d17ff6a4dd39cf17ae5c5f,View/selection controls are inventoried; not a separate meter registration/lifecycle form. Any mutation belongs to its operations/report family.
ireps-web,src/layouts/ConsoleLayout.jsx,"Search, selection, list or reporting surface",,primary worktree,c8b3299a2270b71986b769cca4815050c16f67882d9b738322a5c10c0e569925,View/selection controls are inventoried; not a separate meter registration/lifecycle form. Any mutation belongs to its operations/report family.
ireps-web,src/components/DatetimeFilter.jsx,"Search, selection, list or reporting surface",,primary worktree,6339311e011c1b065573004183c5ef91ebc3183554da9567244dabaa1d8d7c2d,View/selection controls are inventoried; not a separate meter registration/lifecycle form. Any mutation belongs to its operations/report family.
ireps-web,src/components/table/IrepsTable.jsx,"Search, selection, list or reporting surface",,primary worktree,ba98002c8e3de5d9ebab752e75fb8c0e62a4d517024cdb5086da077231a5a5b3,View/selection controls are inventoried; not a separate meter registration/lifecycle form. Any mutation belongs to its operations/report family.
ireps-web,src/features/maps/DesktopGeoCascadingSelector.jsx,"Search, selection, list or reporting surface",,primary worktree,4f7c9e4d794019ce1f027ce118707370a34fcce1c0c9ec831d03cfdbb12f5b66,View/selection controls are inventoried; not a separate meter registration/lifecycle form. Any mutation belongs to its operations/report family.
ireps-web,src/pages/ward-scope/PremisesPage.jsx,"Search, selection, list or reporting surface",,primary worktree,856c174c66807325046b50524e3d523c02843766993bc780686ef93cf60c50ae,View/selection controls are inventoried; not a separate meter registration/lifecycle form. Any mutation belongs to its operations/report family.
ireps-web,src/pages/ward-scope/MetersPage.jsx,"Search, selection, list or reporting surface",,primary worktree,8396e5581469fa55b38fbc6cc7ec8558021acf1cc5c82b243ca3c4bfb0b34546,View/selection controls are inventoried; not a separate meter registration/lifecycle form. Any mutation belongs to its operations/report family.
ireps-web,src/pages/ward-scope/ErfsPage.jsx,"Search, selection, list or reporting surface",,primary worktree,073bf30e9ef5829e659d57cfa745f2f00278378ca5fe0d1a69f4edde8fca7f13,View/selection controls are inventoried; not a separate meter registration/lifecycle form. Any mutation belongs to its operations/report family.
ireps-web,src/pages/ward-scope/components/WardScopeHeader.jsx,"Search, selection, list or reporting surface",,primary worktree,a51eeaaec076e2ba321e0d9af045c37cf42ad9b3a32ca2b5bb859f0844b9d71e,View/selection controls are inventoried; not a separate meter registration/lifecycle form. Any mutation belongs to its operations/report family.
ireps-web,src/pages/users/UsersPage.jsx,Form/action family or supporting source,FRM-009;FRM-022,primary worktree,a6817f00b049d94cd642478c94eb6caa4994edfac1042e11253aa8f772925c1e,Mapped package(s) cover the explicitly named variants; release status is separate.
ireps-web,docs/temp/sales-sg-erf-ui-inspection/src/pages/sales/components/SalesMetersTable.jsx,Historical / diagnostic copy; excluded from current form count,,primary worktree,19fa5771e05c105515fefc1b98d836946b039a6cb1f4af98c637740baab97679,Retain as provenance; not a recommended current screen.
ireps-web,docs/backups/TARGETED_BATCH_WARD_GROUPING_20260803_042026/src/pages/operations/TargetedBatchesPage.jsx,Historical / diagnostic copy; excluded from current form count,,primary worktree,369ab030be55f0cb731cd310a116619fe4dcab96d2ef0c902a4f2cd523f0db17,Retain as provenance; not a recommended current screen.
ireps-web,src/pages/sales/SalesStatsPage.jsx,"Search, selection, list or reporting surface",,primary worktree,a959df7bc12e9882c6c018808d9f613b4481eff92104761a136e4601c45a5787,View/selection controls are inventoried; not a separate meter registration/lifecycle form. Any mutation belongs to its operations/report family.
ireps-web,src/pages/sales/SalesReportingPage.jsx,"Search, selection, list or reporting surface",,primary worktree,c3ff865a88706bb5c5dc7d3b4d18d97ca5af739925260879281133e97a2a2bdd,View/selection controls are inventoried; not a separate meter registration/lifecycle form. Any mutation belongs to its operations/report family.
ireps-web,src/pages/sales/PrepaidSales.jsx,"Search, selection, list or reporting surface",,primary worktree,6c6620ca7a41598e33bf91d44db6bc951edf694e2ef3f59d2b18e88b0ab519f7,View/selection controls are inventoried; not a separate meter registration/lifecycle form. Any mutation belongs to its operations/report family.
ireps-web,src/pages/sales/NonGpsBatchPlanningPage.jsx,Form/action family or supporting source,FRM-029,primary worktree,2be3445d527d55a9316b5b6bd4f281b89cc5ea165ddb2ae75e5672af3d8b2c14,Mapped package(s) cover the explicitly named variants; release status is separate.
ireps-web,docs/backups/TARGETED_BATCH_WARD_GROUPING_20260803_042026/src/pages/operations/targeted-batches/draft/TargetedBatchDraftTable.jsx,Historical / diagnostic copy; excluded from current form count,,primary worktree,b3971b7fc59e342315cb82664d89369aac4e8fd210d930790d438c9f05c84ae5,Retain as provenance; not a recommended current screen.
ireps-web,src/pages/LoginPage.jsx,Form/action family or supporting source,FRM-001,primary worktree,f00d1ac14844feaa43a5c8f741d2ee94386cf2b46b321d87ad62d0c2e8cb6b1d,Mapped package(s) cover the explicitly named variants; release status is separate.
ireps-web,src/pages/ChangePasswordPage.jsx,Form/action family or supporting source,FRM-004,primary worktree,53329f02817f417b6cc42e67f77212a608e94555a68aaf5a0b562e391202736b,Mapped package(s) cover the explicitly named variants; release status is separate.
ireps-web,src/pages/PasswordResetPage.jsx,Form/action family or supporting source,FRM-003,primary worktree,fb9eeb5692b3d3c2080c8f1f6c708a718ec63346f4beedd8eeef5b932044e829,Mapped package(s) cover the explicitly named variants; release status is separate.
ireps-web,src/pages/dashboard/ActivityReportDashboardPage.jsx,"Search, selection, list or reporting surface",,primary worktree,a33448a89c32c3c0bc8df72ab274fa80db21c6a8803864e28c9acb0ba9877149,View/selection controls are inventoried; not a separate meter registration/lifecycle form. Any mutation belongs to its operations/report family.
ireps-web,src/pages/dashboard/AnomaliesDashboardPage.jsx,"Search, selection, list or reporting surface",,primary worktree,254e72853123fc3e54603b6c98b2ea3527b17c2e57d2107f0dfe1eb1f3f1ab97,View/selection controls are inventoried; not a separate meter registration/lifecycle form. Any mutation belongs to its operations/report family.
ireps-web,src/pages/sales/BatchesGeofencesPage.jsx,"Search, selection, list or reporting surface",,primary worktree,62d6998a057fecfe59b1ed180b8b8eada6c2107468d9aef07c52f8bc8cb7d23d,View/selection controls are inventoried; not a separate meter registration/lifecycle form. Any mutation belongs to its operations/report family.
ireps-web,src/pages/admin/MreadStagingControllerPage.jsx,Form/action family or supporting source,FRM-032,primary worktree,1d804bfae30deb02b82f97ba52fbd4f7346537a115572dc9625b8d81a0fb1341,Mapped package(s) cover the explicitly named variants; release status is separate.
ireps-web,src/pages/dashboard/TrnRegistryDashboardPage.jsx,"Search, selection, list or reporting surface",,primary worktree,c302977baea2e1d5572e5c3223016d4077089a1aa993611419f10dbafff127ef,View/selection controls are inventoried; not a separate meter registration/lifecycle form. Any mutation belongs to its operations/report family.
ireps-web,src/pages/dashboard/CustomerCategoryDashboardPage.jsx,"Search, selection, list or reporting surface",,primary worktree,7f271576458462407a20229bc6d895dcd3c226a36299a0f2fe35e80862b0ea46,View/selection controls are inventoried; not a separate meter registration/lifecycle form. Any mutation belongs to its operations/report family.
ireps-web,src/pages/dashboard/CustomerCategoriesDashboardPage.jsx,"Search, selection, list or reporting surface",,primary worktree,821edc2034d61690fa8283f2e45e3e2384b5a9f52df0a5e18b364a38382f5781,View/selection controls are inventoried; not a separate meter registration/lifecycle form. Any mutation belongs to its operations/report family.
ireps-web,src/pages/sales/components/NonGpsQuickSelect.jsx,Form/action family or supporting source,FRM-029,primary worktree,3e380849d7eed049e0fcc707008a2eaa7f8acfba1b7bfc8f5aa63ecea2627f84,Mapped package(s) cover the explicitly named variants; release status is separate.
ireps-web,src/pages/sales/components/NonGpsExceptions.jsx,"Search, selection, list or reporting surface",,primary worktree,9b28b5f7bf029fceaad3f28a078a13810026fba3db51a4269f363e4dc25fb528,View/selection controls are inventoried; not a separate meter registration/lifecycle form. Any mutation belongs to its operations/report family.
ireps-web,src/pages/sales/components/MultiSelectFilter.jsx,"Search, selection, list or reporting surface",,primary worktree,518d4cb9cbc11a5a3c94cc20547d220b416fb69e8e000109f51e82cd1b935730,View/selection controls are inventoried; not a separate meter registration/lifecycle form. Any mutation belongs to its operations/report family.
ireps-web,src/pages/sales/components/NonGpsStreetPlanning.jsx,Form/action family or supporting source,FRM-029,primary worktree,fc9d2cf87785da48b8f9f5278be74c306369e46df4f4bb0e2a32a7b65b721713,Mapped package(s) cover the explicitly named variants; release status is separate.
ireps-web,src/pages/sales/components/NonGpsStreetDetail.jsx,"Search, selection, list or reporting surface",,primary worktree,11666ca76312199c8675af084f084287cd5fef7d0490ce37bf0eb0f1361726d6,View/selection controls are inventoried; not a separate meter registration/lifecycle form. Any mutation belongs to its operations/report family.
ireps-web,src/pages/sales/components/SalesRangeFilterModal.jsx,"Search, selection, list or reporting surface",,primary worktree,6b18c5437f30b9b6a34ecf7d0d7f6f58fd74f8734cb2061fa1f6603637101b5c,View/selection controls are inventoried; not a separate meter registration/lifecycle form. Any mutation belongs to its operations/report family.
ireps-web,src/pages/sales/components/SalesMetersTable.jsx,"Search, selection, list or reporting surface",,primary worktree,4a4bd523ef198d8e309a139bb0d3abd8700a86c6c6a4c31a8972a88828e5fa0a,View/selection controls are inventoried; not a separate meter registration/lifecycle form. Any mutation belongs to its operations/report family.
ireps-web,src/pages/sales/components/SalesGpsMapSection.jsx,"Search, selection, list or reporting surface",,primary worktree,5793523e21a6b9b5f8aa6f0df7887a7b1fe2f6e24fae3de006ed48e088840d93,View/selection controls are inventoried; not a separate meter registration/lifecycle form. Any mutation belongs to its operations/report family.
ireps-web,src/pages/maps/MapPage.jsx,"Search, selection, list or reporting surface",,primary worktree,ee7bb8e20c92d411c0d38b6bfd98c642e17bbc04b2597ef59ff20c0242ed1e03,View/selection controls are inventoried; not a separate meter registration/lifecycle form. Any mutation belongs to its operations/report family.
ireps-web,src/pages/operations/BmdBgoPage.jsx,Form/action family or supporting source,FRM-031,primary worktree,227f93b13fe0f748259f8138aff8d08ae604b4a6a74f16c3f202b07422f8e607,Mapped package(s) cover the explicitly named variants; release status is separate.
ireps-web,src/pages/operations/BgoDashboardPage.jsx,"Search, selection, list or reporting surface",,primary worktree,a618ef54c6e6e9bd6f605e022a55de45738ffd37ce1dab377d7787396dc0222b,View/selection controls are inventoried; not a separate meter registration/lifecycle form. Any mutation belongs to its operations/report family.
ireps-web,src/pages/profile/ProfilePage.jsx,Form/action family or supporting source,FRM-008,primary worktree,f203b310086031758ae4531cf014236de2fa094475d6847fd0f8b89ffde0a917,Mapped package(s) cover the explicitly named variants; release status is separate.
ireps-web,src/pages/reports/AnomalyReportPage.jsx,Report scope/filter controls,FRM-033,primary worktree,a19b47e43ac7e120ac1154b83c646ba0f82743366adb6b9e18317c530e50cded,Related to report generation; reviewed SalesBatchReport variant exposes only search/execution/ward/match/access filters here; no separate capture event.
ireps-web,src/pages/reports/UserActivityReportPage.jsx,Report scope/filter controls,FRM-033,primary worktree,c63d0720ce70c4ec7af3c596763331547f5a83be84c9065bd3469695704285a1,Related to report generation; reviewed SalesBatchReport variant exposes only search/execution/ward/match/access filters here; no separate capture event.
ireps-web,src/pages/reports/NormalisationReportPage.jsx,Report scope/filter controls,FRM-033,primary worktree,f393f0b72b7cc7076bbf59b4896edc25f1d1d1c7efea9c59a5a8c5860819f051,Related to report generation; reviewed SalesBatchReport variant exposes only search/execution/ward/match/access filters here; no separate capture event.
ireps-web,src/pages/reports/NoAccessReportPage.jsx,Report scope/filter controls,FRM-033,primary worktree,4daba575e1e238c96fe8c188b916cef2d314d96c8f66b06f46c65a2214668dc0,Related to report generation; reviewed SalesBatchReport variant exposes only search/execution/ward/match/access filters here; no separate capture event.
ireps-web,src/pages/reports/GeneralMonthlyReportPage.jsx,Form/action family or supporting source,FRM-033,primary worktree,4ac25c33f776e6aca18659ae49fd9dd81f25e05b7a6c1b7f82106e801ec68a37,Mapped package(s) cover the explicitly named variants; release status is separate.
ireps-web,src/pages/registries/WardsRegistryPage.jsx,"Search, selection, list or reporting surface",,primary worktree,4ddb0c59092b813242fb3c1bda4c11ea57b6aa6517c277b624ed1956f5ed5146,View/selection controls are inventoried; not a separate meter registration/lifecycle form. Any mutation belongs to its operations/report family.
ireps-web,src/pages/registries/TrnsRegistryPage.jsx,"Search, selection, list or reporting surface",,primary worktree,fe23d57edd41b4f3f3fef56c059684f6c4a398569f188655f093dcb55475377f,View/selection controls are inventoried; not a separate meter registration/lifecycle form. Any mutation belongs to its operations/report family.
ireps-web,src/pages/registries/PremisesRegistryPage.jsx,"Search, selection, list or reporting surface",,primary worktree,3dc99598c8d1f7cbdaa2144c50135669efe7a5ccb53290d0d5329cb4549be90b,View/selection controls are inventoried; not a separate meter registration/lifecycle form. Any mutation belongs to its operations/report family.
ireps-web,src/pages/registries/MreadStagingPage.jsx,Form/action family or supporting source,FRM-032,primary worktree,5702784cec3cab230d89eeeafd773eea2b6c0abd5de201beae975b331eef908e,Mapped package(s) cover the explicitly named variants; release status is separate.
ireps-web,src/pages/registries/MreadRegistryPage.jsx,Form/action family or supporting source,FRM-032,primary worktree,9f6fb49c5159b5efc1ee2f55ea3442ace0d7b7a1b67a520847b9b09ed2a3bf63,Mapped package(s) cover the explicitly named variants; release status is separate.
ireps-web,src/pages/registries/MetersRegistryPage.jsx,"Search, selection, list or reporting surface",,primary worktree,36ad896de6849a144ded2cfb4429bfc27719558592cb88aa63ffca6497c3eb44,View/selection controls are inventoried; not a separate meter registration/lifecycle form. Any mutation belongs to its operations/report family.
ireps-web,src/pages/registries/ErfsRegistryPage.jsx,"Search, selection, list or reporting surface",,primary worktree,f9430eec08a87f4d5e1f338e992502cbc738f36d2f0fc2aea1c0247048e4b519,View/selection controls are inventoried; not a separate meter registration/lifecycle form. Any mutation belongs to its operations/report family.
ireps-web,src/pages/operations/TcUploadsPage.jsx,Form/action family or supporting source,FRM-030,primary worktree,76fc3d055fa4cec781aef651b71624afd5a75d5bf5f3bce6ef5a60378baf8718,Mapped package(s) cover the explicitly named variants; release status is separate.
ireps-web,src/pages/operations/TcUploadDetailsPage.jsx,"Search, selection, list or reporting surface",,primary worktree,fd5a8e3b9fefda7cd7c15bb5eac8861fbb6b2be790502a8f2d6587616a354de6,View/selection controls are inventoried; not a separate meter registration/lifecycle form. Any mutation belongs to its operations/report family.
ireps-web,src/pages/operations/TcFinalReportPage.jsx,"Search, selection, list or reporting surface",,primary worktree,e2dc42eb284fbea606514563e27c3119ffe5f8bb3888bd2445e8bdc2cb57cf23,View/selection controls are inventoried; not a separate meter registration/lifecycle form. Any mutation belongs to its operations/report family.
ireps-web,src/pages/operations/TcBgoPage.jsx,Form/action family or supporting source,FRM-031,primary worktree,a5a1e3d0bc6370eb398347f7829d52511f51057dd08863d96dd5791918399404,Mapped package(s) cover the explicitly named variants; release status is separate.
ireps-web,src/pages/operations/TcBgoDashboardPage.jsx,"Search, selection, list or reporting surface",,primary worktree,0fa09becfcd98ed56587b9d86ace0f5ae8b1c4ef5e053a90a502227eae74c8d3,View/selection controls are inventoried; not a separate meter registration/lifecycle form. Any mutation belongs to its operations/report family.
ireps-web,src/pages/operations/TargetedBatchesPage.jsx,Form/action family or supporting source,FRM-029,primary worktree,20d567436bf1d290dbb1f9b16450b99f4877f31d56f1b2fd440375089febdd03,Mapped package(s) cover the explicitly named variants; release status is separate.
ireps-web,src/pages/operations/TargetedBatchDashboardPage.jsx,"Search, selection, list or reporting surface",,primary worktree,28b85411b0b4edc9cd73aba1c53f4931b53b6014b8114340f7b3f0609e558424,View/selection controls are inventoried; not a separate meter registration/lifecycle form. Any mutation belongs to its operations/report family.
ireps-web,src/pages/operations/TargetedBatchAllocationMatrixPage.jsx,"Search, selection, list or reporting surface",,primary worktree,795bf9015c5d9340a0f5e723ef013f3fe47c21d4f7f92877f165c69ff35d3eda,View/selection controls are inventoried; not a separate meter registration/lifecycle form. Any mutation belongs to its operations/report family.
ireps-web,src/pages/operations/TargetedBatchAllocationMapPage.jsx,Form/action family or supporting source,FRM-029,primary worktree,f4478272c5b19e5f55bc81d43408fc3f5df6b6d80985960967bf59b9a4bb3dc6,Mapped package(s) cover the explicitly named variants; release status is separate.
ireps-web,src/pages/registries/AccountsRegistryPage.jsx,"Search, selection, list or reporting surface",,primary worktree,b70712ba544a0075f86a355ffe6674183e8b30008b3a38483046686a42030863,View/selection controls are inventoried; not a separate meter registration/lifecycle form. Any mutation belongs to its operations/report family.
ireps-web,src/pages/operations/GeofencePlanningLayers.jsx,Form/action family or supporting source,FRM-025,primary worktree,7dd1f5afce172233ec7730b080d6012e6806f8bf5a16183b664b594f70175fd3,Mapped package(s) cover the explicitly named variants; release status is separate.
ireps-web,src/pages/operations/geofence-shared-ui.jsx,Form/action family or supporting source,FRM-025,primary worktree,52a6de8d7dedcd9d62491841f2939b927b042df3baf2410adfaa492dda193d10,Mapped package(s) cover the explicitly named variants; release status is separate.
ireps-web,src/pages/operations/MdBgoRowsPage.jsx,Form/action family or supporting source,FRM-031,primary worktree,3b4348c03b6f802cac5d0671a08d5abf4396a11a6e2c38a8fb765a1c9cb2a4d9,Mapped package(s) cover the explicitly named variants; release status is separate.
ireps-web,src/pages/operations/GeoFencesPage.jsx,Form/action family or supporting source,FRM-025,primary worktree,524e3aff3f654cadc338059076021e31427f4dae0f74d86662c9c70918648284,Mapped package(s) cover the explicitly named variants; release status is separate.
ireps-web,src/pages/operations/OperationalTeamsPage.jsx,Form/action family or supporting source,FRM-024,primary worktree,fee3109712dac0c41d856d78267e09fbd53a1449e038a1dc3d4a67eec3659a36,Mapped package(s) cover the explicitly named variants; release status is separate.
ireps-web,src/pages/registries/components/TrnReportPreviewModal.jsx,Form/action family or supporting source,FRM-033,primary worktree,b05513a237c1fe4425324579db62c79b15a593b67c13efc5906cc459044c06e7,Mapped package(s) cover the explicitly named variants; release status is separate.
ireps-web,docs/archive/root-cleanup-20260803/SALES_TARGETED_BATCH_V2_INSPECTION/src/pages/sales/components/SalesMetersTable.jsx,Historical / diagnostic copy; excluded from current form count,,primary worktree,ad43792cb00b62fb8110965618f5995d17b80b6633e2fbc45d298766e2a70767,Retain as provenance; not a recommended current screen.
ireps-web,docs/archive/root-cleanup-20260803/SALES_TARGETED_BATCH_V2_INSPECTION/src/pages/sales/components/SalesGpsMapSection.jsx,Historical / diagnostic copy; excluded from current form count,,primary worktree,e912fe0c2f67e6ac668ccdfcfba1fb0133cdf020cb19c5de75db1181874b785e,Retain as provenance; not a recommended current screen.
ireps-web,src/pages/operations/targeted-batches/TargetedBatchUploadModal.jsx,Form/action family or supporting source,FRM-029,primary worktree,c803ae896f6f486cfc5c22655cb800095abe17bdf1ffbf0beab0335213f83801,Mapped package(s) cover the explicitly named variants; release status is separate.
ireps-web,src/pages/operations/targeted-batches/TargetedBatchUnallocateModal.jsx,Form/action family or supporting source,FRM-029,primary worktree,6a13641711794dbcebf1145f570eaed3fe98b01249191ff06b3c4b911c15cf24,Mapped package(s) cover the explicitly named variants; release status is separate.
ireps-web,src/pages/operations/targeted-batches/allocation/TargetedBatchAllocationRowsPanel.jsx,Form/action family or supporting source,FRM-029,primary worktree,d59564440810d9d837209b12773bd9da74616b22ee641850bb5df861d14f37b3,Mapped package(s) cover the explicitly named variants; release status is separate.
ireps-web,src/pages/operations/targeted-batches/allocation/TargetedBatchAllocationTargetPanel.jsx,Form/action family or supporting source,FRM-029,primary worktree,e0892f09275aca9725a923ba56c1c8458bdebcde5726c0667c55ffc84d83d1fe,Mapped package(s) cover the explicitly named variants; release status is separate.
ireps-web,src/pages/operations/targeted-batches/rows/TargetedBatchRowsFilters.jsx,"Search, selection, list or reporting surface",,primary worktree,fdc5e253e7f56cb5c4a9ec00b0897966fc80c4ef5994b1dcdefd96597c95b307,View/selection controls are inventoried; not a separate meter registration/lifecycle form. Any mutation belongs to its operations/report family.
ireps-web,src/pages/operations/targeted-batches/rows/TargetedBatchTakeOutWindows.jsx,Form/action family or supporting source,FRM-029,primary worktree,4003146ca6c7155d47a7466ca1bcab12b884cec89631e2c0cf190ca2e18d94b8,Mapped package(s) cover the explicitly named variants; release status is separate.
ireps-web,src/pages/operations/targeted-batches/rows/TargetedBatchRowsTable.jsx,Form/action family or supporting source,FRM-029,primary worktree,af6e48a2e1d22d87a0c45bc2bf7733a765e9be99e4c93374b46db307cf336128,Mapped package(s) cover the explicitly named variants; release status is separate.
ireps-web,src/pages/operations/targeted-batches/draft/TargetedBatchDraftTable.jsx,Form/action family or supporting source,FRM-029,primary worktree,e8ec097a6e4e820d1df2d42bb1ae2ffd4546ffccc69d99cea6dec388ebdb5654,Mapped package(s) cover the explicitly named variants; release status is separate.
ireps-web,src/pages/operations/targeted-batches/draft/TargetedBatchDraftFilters.jsx,"Search, selection, list or reporting surface",,primary worktree,8b792edaa8f89bb6a3946a263313bcd4307bdfd147c63fd4e2916eaf800ce0b3,View/selection controls are inventoried; not a separate meter registration/lifecycle form. Any mutation belongs to its operations/report family.
ireps-web-email,src/features/maps/DesktopGeoCascadingSelector.jsx,"Search, selection, list or reporting surface",,feature worktree / additional root,4f7c9e4d794019ce1f027ce118707370a34fcce1c0c9ec831d03cfdbb12f5b66,View/selection controls are inventoried; not a separate meter registration/lifecycle form. Any mutation belongs to its operations/report family.
ireps-web-email,docs/temp/sales-sg-erf-ui-inspection/src/pages/sales/components/SalesMetersTable.jsx,Historical / diagnostic copy; excluded from current form count,,feature worktree / additional root,3b06deaf093498fd2073f21fae12be64fdb6cd22f12c9b57bf31dc466984ae8c,Retain as provenance; not a recommended current screen.
ireps-web-email,src/components/DatetimeFilter.jsx,"Search, selection, list or reporting surface",,feature worktree / additional root,6339311e011c1b065573004183c5ef91ebc3183554da9567244dabaa1d8d7c2d,View/selection controls are inventoried; not a separate meter registration/lifecycle form. Any mutation belongs to its operations/report family.
ireps-web-email,src/pages/LoginPage.jsx,Form/action family or supporting source,FRM-001,feature worktree / additional root,7d6d4e292279a65ae91ebd8166c141eabaf784cd733c4a6b7bae8274b5a62ca2,Mapped package(s) cover the explicitly named variants; release status is separate.
ireps-web-email,src/pages/ward-scope/PremisesPage.jsx,"Search, selection, list or reporting surface",,feature worktree / additional root,d83c06b90924b1f3fb66c70a837fac33bc473b05ca0e08a43ce7572ebbd06031,View/selection controls are inventoried; not a separate meter registration/lifecycle form. Any mutation belongs to its operations/report family.
ireps-web-email,src/pages/ward-scope/MetersPage.jsx,"Search, selection, list or reporting surface",,feature worktree / additional root,0dbac561162cfca3510a3b86c88628fd8989c4e40b78346e910e26de150a299e,View/selection controls are inventoried; not a separate meter registration/lifecycle form. Any mutation belongs to its operations/report family.
ireps-web-email,src/pages/ward-scope/ErfsPage.jsx,"Search, selection, list or reporting surface",,feature worktree / additional root,6ae38ca5f0fb04a0eddc7db4f9a790c4ed49264d4bffeb14f5ed2458c0a0d8ed,View/selection controls are inventoried; not a separate meter registration/lifecycle form. Any mutation belongs to its operations/report family.
ireps-web-email,src/pages/admin/MreadStagingControllerPage.jsx,Form/action family or supporting source,FRM-032,feature worktree / additional root,9de0617599b94bd9e22f387bda9b3765ad9335575ecfdaa2dc0a511b8a12695b,Mapped package(s) cover the explicitly named variants; release status is separate.
ireps-web-email,src/pages/dashboard/ActivityReportDashboardPage.jsx,"Search, selection, list or reporting surface",,feature worktree / additional root,a33448a89c32c3c0bc8df72ab274fa80db21c6a8803864e28c9acb0ba9877149,View/selection controls are inventoried; not a separate meter registration/lifecycle form. Any mutation belongs to its operations/report family.
ireps-web-email,src/layouts/ConsoleLayout.jsx,"Search, selection, list or reporting surface",,feature worktree / additional root,bbb4ce7cb0f9454487c47c1418350e574e00d625b6e6fe74d67fd8feb57fb321,View/selection controls are inventoried; not a separate meter registration/lifecycle form. Any mutation belongs to its operations/report family.
ireps-web-email,src/pages/dashboard/TrnRegistryDashboardPage.jsx,"Search, selection, list or reporting surface",,feature worktree / additional root,c302977baea2e1d5572e5c3223016d4077089a1aa993611419f10dbafff127ef,View/selection controls are inventoried; not a separate meter registration/lifecycle form. Any mutation belongs to its operations/report family.
ireps-web-email,src/pages/dashboard/ProjectPopulationDashboardPage.jsx,"Search, selection, list or reporting surface",,feature worktree / additional root,38a055106dfea55db9b7980102c037861d24b57a89fd760e2230cca22ae7818f,View/selection controls are inventoried; not a separate meter registration/lifecycle form. Any mutation belongs to its operations/report family.
ireps-web-email,src/pages/dashboard/CustomerCategoryDashboardPage.jsx,"Search, selection, list or reporting surface",,feature worktree / additional root,30638964c36ab529a0c749c6100b07ccf8faf928398a2c20e3a4de9487130f19,View/selection controls are inventoried; not a separate meter registration/lifecycle form. Any mutation belongs to its operations/report family.
ireps-web-email,src/pages/dashboard/CustomerCategoriesDashboardPage.jsx,"Search, selection, list or reporting surface",,feature worktree / additional root,f2aa0f028486e7986c4951137e06cd661ebfb288c295b033f6ecca01047f3360,View/selection controls are inventoried; not a separate meter registration/lifecycle form. Any mutation belongs to its operations/report family.
ireps-web-email,src/pages/dashboard/AnomaliesDashboardPage.jsx,"Search, selection, list or reporting surface",,feature worktree / additional root,254e72853123fc3e54603b6c98b2ea3527b17c2e57d2107f0dfe1eb1f3f1ab97,View/selection controls are inventoried; not a separate meter registration/lifecycle form. Any mutation belongs to its operations/report family.
ireps-web-email,src/pages/ward-scope/components/WardScopeHeader.jsx,"Search, selection, list or reporting surface",,feature worktree / additional root,a51eeaaec076e2ba321e0d9af045c37cf42ad9b3a32ca2b5bb859f0844b9d71e,View/selection controls are inventoried; not a separate meter registration/lifecycle form. Any mutation belongs to its operations/report family.
ireps-web-email,src/pages/profile/ProfilePage.jsx,Form/action family or supporting source,FRM-008,feature worktree / additional root,f203b310086031758ae4531cf014236de2fa094475d6847fd0f8b89ffde0a917,Mapped package(s) cover the explicitly named variants; release status is separate.
ireps-web-email,src/pages/reports/UserActivityReportPage.jsx,Report scope/filter controls,FRM-033,feature worktree / additional root,c63d0720ce70c4ec7af3c596763331547f5a83be84c9065bd3469695704285a1,Related to report generation; reviewed SalesBatchReport variant exposes only search/execution/ward/match/access filters here; no separate capture event.
ireps-web-email,src/pages/reports/NormalisationReportPage.jsx,Report scope/filter controls,FRM-033,feature worktree / additional root,f393f0b72b7cc7076bbf59b4896edc25f1d1d1c7efea9c59a5a8c5860819f051,Related to report generation; reviewed SalesBatchReport variant exposes only search/execution/ward/match/access filters here; no separate capture event.
ireps-web-email,src/pages/reports/NoAccessReportPage.jsx,Report scope/filter controls,FRM-033,feature worktree / additional root,4daba575e1e238c96fe8c188b916cef2d314d96c8f66b06f46c65a2214668dc0,Related to report generation; reviewed SalesBatchReport variant exposes only search/execution/ward/match/access filters here; no separate capture event.
ireps-web-email,src/pages/reports/GeneralMonthlyReportPage.jsx,Form/action family or supporting source,FRM-033,feature worktree / additional root,e09673f9d112323c2ad76e2ff6a4fcb3e442837448d69998cd25dc1d625391be,Mapped package(s) cover the explicitly named variants; release status is separate.
ireps-web-email,src/pages/reports/AnomalyReportPage.jsx,Report scope/filter controls,FRM-033,feature worktree / additional root,a19b47e43ac7e120ac1154b83c646ba0f82743366adb6b9e18317c530e50cded,Related to report generation; reviewed SalesBatchReport variant exposes only search/execution/ward/match/access filters here; no separate capture event.
ireps-web-email,src/pages/users/UsersPage.jsx,Form/action family or supporting source,FRM-009;FRM-022,feature worktree / additional root,e6e6d91b2dac5861d954243e525fb209b86236227f95817de82617cfaec9f034,Mapped package(s) cover the explicitly named variants; release status is separate.
ireps-web-email,src/pages/operations/TcUploadsPage.jsx,Form/action family or supporting source,FRM-030,feature worktree / additional root,c57a8f08703f72439ba00a40d9ae31ef7c1bb47f46b91a674c571549851931fc,Mapped package(s) cover the explicitly named variants; release status is separate.
ireps-web-email,src/pages/operations/TcUploadDetailsPage.jsx,"Search, selection, list or reporting surface",,feature worktree / additional root,772830def28683174ddeff4277c11ac46a01a96eb8c164bdaad0804d75d295d5,View/selection controls are inventoried; not a separate meter registration/lifecycle form. Any mutation belongs to its operations/report family.
ireps-web-email,src/pages/operations/TcFinalReportPage.jsx,"Search, selection, list or reporting surface",,feature worktree / additional root,df7f2f65f81ce9c0c7618f383dec2ff1b29f0cf0da661a4ba16492236fc23eae,View/selection controls are inventoried; not a separate meter registration/lifecycle form. Any mutation belongs to its operations/report family.
ireps-web-email,src/pages/operations/TcBgoPage.jsx,Form/action family or supporting source,FRM-031,feature worktree / additional root,57a0cf28f833691d7d3fcd4dab6282c8da87b1c4ec464ae8b109f87bbfbefb11,Mapped package(s) cover the explicitly named variants; release status is separate.
ireps-web-email,src/pages/operations/TcBgoDashboardPage.jsx,"Search, selection, list or reporting surface",,feature worktree / additional root,a32e1f03f4249397dd29af9661691cddb97b92801b66889209f3af41ec6de2f1,View/selection controls are inventoried; not a separate meter registration/lifecycle form. Any mutation belongs to its operations/report family.
ireps-web-email,src/pages/operations/TargetedBatchesPage.jsx,Form/action family or supporting source,FRM-029,feature worktree / additional root,20d567436bf1d290dbb1f9b16450b99f4877f31d56f1b2fd440375089febdd03,Mapped package(s) cover the explicitly named variants; release status is separate.
ireps-web-email,src/pages/operations/TargetedBatchDashboardPage.jsx,"Search, selection, list or reporting surface",,feature worktree / additional root,28b85411b0b4edc9cd73aba1c53f4931b53b6014b8114340f7b3f0609e558424,View/selection controls are inventoried; not a separate meter registration/lifecycle form. Any mutation belongs to its operations/report family.
ireps-web-email,src/pages/operations/TargetedBatchAllocationMatrixPage.jsx,"Search, selection, list or reporting surface",,feature worktree / additional root,795bf9015c5d9340a0f5e723ef013f3fe47c21d4f7f92877f165c69ff35d3eda,View/selection controls are inventoried; not a separate meter registration/lifecycle form. Any mutation belongs to its operations/report family.
ireps-web-email,src/pages/operations/TargetedBatchAllocationMapPage.jsx,Form/action family or supporting source,FRM-029,feature worktree / additional root,f4478272c5b19e5f55bc81d43408fc3f5df6b6d80985960967bf59b9a4bb3dc6,Mapped package(s) cover the explicitly named variants; release status is separate.
ireps-web-email,src/pages/registries/WardsRegistryPage.jsx,"Search, selection, list or reporting surface",,feature worktree / additional root,4832887bd6e5ccad904c3bfaa070fdde884e4092024c8ae24e29a532a596fb35,View/selection controls are inventoried; not a separate meter registration/lifecycle form. Any mutation belongs to its operations/report family.
ireps-web-email,src/pages/registries/TrnsRegistryPage.jsx,"Search, selection, list or reporting surface",,feature worktree / additional root,fe23d57edd41b4f3f3fef56c059684f6c4a398569f188655f093dcb55475377f,View/selection controls are inventoried; not a separate meter registration/lifecycle form. Any mutation belongs to its operations/report family.
ireps-web-email,src/pages/registries/PremisesRegistryPage.jsx,"Search, selection, list or reporting surface",,feature worktree / additional root,8afaf3b514ffccaf07efd724c492efe2740706ea4bf5341d0ed3b9fa0ef893de,View/selection controls are inventoried; not a separate meter registration/lifecycle form. Any mutation belongs to its operations/report family.
ireps-web-email,src/pages/registries/MreadStagingPage.jsx,Form/action family or supporting source,FRM-032,feature worktree / additional root,1bdaab732dd4ed1017d4bb5979ae3bc1963e0f84f56e273f4ef5a53d5972c584,Mapped package(s) cover the explicitly named variants; release status is separate.
ireps-web-email,src/pages/registries/MreadRegistryPage.jsx,Form/action family or supporting source,FRM-032,feature worktree / additional root,6cebb2fcbee6afb42370e615c0fc8cb427ace826bef555aececba8ddd3d67afd,Mapped package(s) cover the explicitly named variants; release status is separate.
ireps-web-email,src/pages/registries/MetersRegistryPage.jsx,"Search, selection, list or reporting surface",,feature worktree / additional root,296d9a630650a594037315f43620d058af373960f243ac9f87756ea588c4c064,View/selection controls are inventoried; not a separate meter registration/lifecycle form. Any mutation belongs to its operations/report family.
ireps-web-email,src/pages/registries/ErfsRegistryPage.jsx,"Search, selection, list or reporting surface",,feature worktree / additional root,83b72f2ded48f409293bc621fedab12d0cf80d700d0ab5f04213455890e48aae,View/selection controls are inventoried; not a separate meter registration/lifecycle form. Any mutation belongs to its operations/report family.
ireps-web-email,src/pages/sales/SalesStatsPage.jsx,"Search, selection, list or reporting surface",,feature worktree / additional root,649d89e31491aab82651da91023b8a112934f8013ae77b8ab03142cd030ccfe4,View/selection controls are inventoried; not a separate meter registration/lifecycle form. Any mutation belongs to its operations/report family.
ireps-web-email,src/pages/sales/SalesReportingPage.jsx,"Search, selection, list or reporting surface",,feature worktree / additional root,4cce13bf32f763929add4f4e3b5901b368acf4ef27739373596e0a4676be4910,View/selection controls are inventoried; not a separate meter registration/lifecycle form. Any mutation belongs to its operations/report family.
ireps-web-email,src/pages/sales/SalesBatchReportPage.jsx,Report scope/filter controls,FRM-033,feature worktree / additional root,95a9e703739c8f018cda69ca8e16a297f09655765a2967170997a4f5bb2ad14f,Related to report generation; reviewed SalesBatchReport variant exposes only search/execution/ward/match/access filters here; no separate capture event.
ireps-web-email,src/pages/sales/PrepaidSales.jsx,"Search, selection, list or reporting surface",,feature worktree / additional root,6c6620ca7a41598e33bf91d44db6bc951edf694e2ef3f59d2b18e88b0ab519f7,View/selection controls are inventoried; not a separate meter registration/lifecycle form. Any mutation belongs to its operations/report family.
ireps-web-email,src/pages/sales/NonGpsBatchPlanningPage.jsx,Form/action family or supporting source,FRM-029,feature worktree / additional root,2be3445d527d55a9316b5b6bd4f281b89cc5ea165ddb2ae75e5672af3d8b2c14,Mapped package(s) cover the explicitly named variants; release status is separate.
ireps-web-email,src/pages/registries/components/TrnReportPreviewModal.jsx,Form/action family or supporting source,FRM-033,feature worktree / additional root,b05513a237c1fe4425324579db62c79b15a593b67c13efc5906cc459044c06e7,Mapped package(s) cover the explicitly named variants; release status is separate.
ireps-web-email,src/pages/registries/AccountsRegistryPage.jsx,"Search, selection, list or reporting surface",,feature worktree / additional root,fb1ad94a79123daa6e2e531c57b5333e9284301be9976201dfd5c906be606a42,View/selection controls are inventoried; not a separate meter registration/lifecycle form. Any mutation belongs to its operations/report family.
ireps-web-email,src/pages/sales/BatchesGeofencesPage.jsx,"Search, selection, list or reporting surface",,feature worktree / additional root,62d6998a057fecfe59b1ed180b8b8eada6c2107468d9aef07c52f8bc8cb7d23d,View/selection controls are inventoried; not a separate meter registration/lifecycle form. Any mutation belongs to its operations/report family.
ireps-web-email,src/pages/operations/MdBgoRowsPage.jsx,Form/action family or supporting source,FRM-031,feature worktree / additional root,8f77becac8522e6b1d38572ba4a8cf8c85c2440507db85c7931a3f3dce2ff83c,Mapped package(s) cover the explicitly named variants; release status is separate.
ireps-web-email,src/pages/operations/GeoFencesPage.jsx,Form/action family or supporting source,FRM-025,feature worktree / additional root,524e3aff3f654cadc338059076021e31427f4dae0f74d86662c9c70918648284,Mapped package(s) cover the explicitly named variants; release status is separate.
ireps-web-email,src/pages/operations/GeofencePlanningLayers.jsx,Form/action family or supporting source,FRM-025,feature worktree / additional root,7dd1f5afce172233ec7730b080d6012e6806f8bf5a16183b664b594f70175fd3,Mapped package(s) cover the explicitly named variants; release status is separate.
ireps-web-email,src/pages/operations/geofence-shared-ui.jsx,Form/action family or supporting source,FRM-025,feature worktree / additional root,52a6de8d7dedcd9d62491841f2939b927b042df3baf2410adfaa492dda193d10,Mapped package(s) cover the explicitly named variants; release status is separate.
ireps-web-email,src/pages/operations/BmdBgoPage.jsx,Form/action family or supporting source,FRM-031,feature worktree / additional root,58279ddd0c54dc3b71143cc075d4cf1a959341266e9dd7965985545562ff048c,Mapped package(s) cover the explicitly named variants; release status is separate.
ireps-web-email,src/pages/operations/BgoDashboardPage.jsx,"Search, selection, list or reporting surface",,feature worktree / additional root,42bd1c499bd44df4b551f1ae476c02ad01d1b086708b43de46881bbd0ae77c41,View/selection controls are inventoried; not a separate meter registration/lifecycle form. Any mutation belongs to its operations/report family.
ireps-web-email,src/pages/operations/targeted-batches/TargetedBatchUploadModal.jsx,Form/action family or supporting source,FRM-029,feature worktree / additional root,b73ba15c10047c9781e86a84f8f02792044b10404be081a38dee9b240ecfc686,Mapped package(s) cover the explicitly named variants; release status is separate.
ireps-web-email,src/pages/operations/targeted-batches/TargetedBatchUnallocateModal.jsx,Form/action family or supporting source,FRM-029,feature worktree / additional root,6a13641711794dbcebf1145f570eaed3fe98b01249191ff06b3c4b911c15cf24,Mapped package(s) cover the explicitly named variants; release status is separate.
ireps-web-email,src/pages/sales/components/SalesRangeFilterModal.jsx,"Search, selection, list or reporting surface",,feature worktree / additional root,cf0ba2a3c053dfdbe854536d09340643e261be1d00122f003ee2f4cdfc9acd26,View/selection controls are inventoried; not a separate meter registration/lifecycle form. Any mutation belongs to its operations/report family.
ireps-web-email,src/pages/sales/components/SalesMetersTable.jsx,"Search, selection, list or reporting surface",,feature worktree / additional root,b049124e5b93572d994f2bd473d408486e99b6408bdab29428186e78ffa48cfe,View/selection controls are inventoried; not a separate meter registration/lifecycle form. Any mutation belongs to its operations/report family.
ireps-web-email,src/pages/sales/components/SalesGpsMapSection.jsx,"Search, selection, list or reporting surface",,feature worktree / additional root,5793523e21a6b9b5f8aa6f0df7887a7b1fe2f6e24fae3de006ed48e088840d93,View/selection controls are inventoried; not a separate meter registration/lifecycle form. Any mutation belongs to its operations/report family.
ireps-web-email,src/pages/sales/components/NonGpsStreetPlanning.jsx,Form/action family or supporting source,FRM-029,feature worktree / additional root,fc9d2cf87785da48b8f9f5278be74c306369e46df4f4bb0e2a32a7b65b721713,Mapped package(s) cover the explicitly named variants; release status is separate.
ireps-web-email,src/pages/sales/components/NonGpsStreetDetail.jsx,"Search, selection, list or reporting surface",,feature worktree / additional root,0cae3a688e87e3894775f1c61b6a0bbe8f3855a7c8d634fc92c76998e1940a8e,View/selection controls are inventoried; not a separate meter registration/lifecycle form. Any mutation belongs to its operations/report family.
ireps-web-email,src/pages/sales/components/NonGpsQuickSelect.jsx,Form/action family or supporting source,FRM-029,feature worktree / additional root,3e380849d7eed049e0fcc707008a2eaa7f8acfba1b7bfc8f5aa63ecea2627f84,Mapped package(s) cover the explicitly named variants; release status is separate.
ireps-web-email,src/pages/sales/components/NonGpsExceptions.jsx,"Search, selection, list or reporting surface",,feature worktree / additional root,9b28b5f7bf029fceaad3f28a078a13810026fba3db51a4269f363e4dc25fb528,View/selection controls are inventoried; not a separate meter registration/lifecycle form. Any mutation belongs to its operations/report family.
ireps-web-email,src/pages/sales/components/MultiSelectFilter.jsx,"Search, selection, list or reporting surface",,feature worktree / additional root,7a11155d185fcafed57edc4be2cdfadb4c8cc9be32d8fd588c509ab65609b0d1,View/selection controls are inventoried; not a separate meter registration/lifecycle form. Any mutation belongs to its operations/report family.
ireps-web-email,src/pages/operations/targeted-batches/rows/TargetedBatchTakeOutWindows.jsx,Form/action family or supporting source,FRM-029,feature worktree / additional root,36f701887e8a07bf5eb1c28d3ea1c4400862aa5802acc5076a31c44b472edd6c,Mapped package(s) cover the explicitly named variants; release status is separate.
ireps-web-email,src/pages/operations/targeted-batches/rows/TargetedBatchRowsTable.jsx,Form/action family or supporting source,FRM-029,feature worktree / additional root,c8daa2686fe307cd65b8d43aec2453eecd8d11fb2c8c9a3ca04340fbe36a7f64,Mapped package(s) cover the explicitly named variants; release status is separate.
ireps-web-email,src/pages/maps/MapPage.jsx,"Search, selection, list or reporting surface",,feature worktree / additional root,ee7bb8e20c92d411c0d38b6bfd98c642e17bbc04b2597ef59ff20c0242ed1e03,View/selection controls are inventoried; not a separate meter registration/lifecycle form. Any mutation belongs to its operations/report family.
ireps-web-email,src/pages/operations/targeted-batches/rows/TargetedBatchRowsFilters.jsx,"Search, selection, list or reporting surface",,feature worktree / additional root,237d439ff8cc846581980288188b3b91a2e88eab71aee333bea272331c0d2ee3,View/selection controls are inventoried; not a separate meter registration/lifecycle form. Any mutation belongs to its operations/report family.
ireps-web-email,src/pages/operations/targeted-batches/allocation/TargetedBatchAllocationTargetPanel.jsx,Form/action family or supporting source,FRM-029,feature worktree / additional root,9ea2d8c498fd772628263d950767f7df09d79a0a7799740b89d71ee179d79e82,Mapped package(s) cover the explicitly named variants; release status is separate.
ireps-web-email,src/pages/operations/targeted-batches/allocation/TargetedBatchAllocationRowsPanel.jsx,Form/action family or supporting source,FRM-029,feature worktree / additional root,88fb0bf680ee49c43e76843df5a6a8f55df5e50124f46c3727130fb627af2e9c,Mapped package(s) cover the explicitly named variants; release status is separate.
ireps-web-email,src/pages/operations/OperationalTeamsPage.jsx,Form/action family or supporting source,FRM-024,feature worktree / additional root,9fb9948df9b35d3431c7640d29974d1b972b3f3cd58cd95ec7ad85616cfbb627,Mapped package(s) cover the explicitly named variants; release status is separate.
ireps-web-email,docs/backups/TARGETED_BATCH_WARD_GROUPING_20260803_042026/src/pages/operations/TargetedBatchesPage.jsx,Historical / diagnostic copy; excluded from current form count,,feature worktree / additional root,fefafd88432ee19f38ac71e510fa2a3bf87d424884979fe2d4226fd5f62d1b8a,Retain as provenance; not a recommended current screen.
ireps-web-email,src/pages/operations/targeted-batches/draft/TargetedBatchDraftTable.jsx,Form/action family or supporting source,FRM-029,feature worktree / additional root,e8ec097a6e4e820d1df2d42bb1ae2ffd4546ffccc69d99cea6dec388ebdb5654,Mapped package(s) cover the explicitly named variants; release status is separate.
ireps-web-email,src/pages/operations/targeted-batches/draft/TargetedBatchDraftFilters.jsx,"Search, selection, list or reporting surface",,feature worktree / additional root,8b792edaa8f89bb6a3946a263313bcd4307bdfd147c63fd4e2916eaf800ce0b3,View/selection controls are inventoried; not a separate meter registration/lifecycle form. Any mutation belongs to its operations/report family.
ireps-web-email,docs/backups/TARGETED_BATCH_WARD_GROUPING_20260803_042026/src/pages/operations/targeted-batches/draft/TargetedBatchDraftTable.jsx,Historical / diagnostic copy; excluded from current form count,,feature worktree / additional root,7c8af76ec392dabdf8da39c207efd076f2deac5f97a9805133f535093d8699dd,Retain as provenance; not a recommended current screen.
ireps-web-email,docs/archive/root-cleanup-20260803/SALES_TARGETED_BATCH_V2_INSPECTION/src/pages/sales/components/SalesMetersTable.jsx,Historical / diagnostic copy; excluded from current form count,,feature worktree / additional root,c62cde65b66f553ddf6f88efb158010953822f8704d734ba9bad81b892907941,Retain as provenance; not a recommended current screen.
ireps-web-email,docs/archive/root-cleanup-20260803/SALES_TARGETED_BATCH_V2_INSPECTION/src/pages/sales/components/SalesGpsMapSection.jsx,Historical / diagnostic copy; excluded from current form count,,feature worktree / additional root,eb778684e2763d0303f1bfe4d5cfcf8951752648b070b3fe14e22b48dd8a859b,Retain as provenance; not a recommended current screen.
ireps-web-forms,docs/temp/sales-sg-erf-ui-inspection/src/pages/sales/components/SalesMetersTable.jsx,Historical / diagnostic copy; excluded from current form count,,feature worktree / additional root,3b06deaf093498fd2073f21fae12be64fdb6cd22f12c9b57bf31dc466984ae8c,Retain as provenance; not a recommended current screen.
ireps-web-forms,src/pages/ward-scope/PremisesPage.jsx,"Search, selection, list or reporting surface",,feature worktree / additional root,d83c06b90924b1f3fb66c70a837fac33bc473b05ca0e08a43ce7572ebbd06031,View/selection controls are inventoried; not a separate meter registration/lifecycle form. Any mutation belongs to its operations/report family.
ireps-web-forms,src/pages/ward-scope/MetersPage.jsx,"Search, selection, list or reporting surface",,feature worktree / additional root,0dbac561162cfca3510a3b86c88628fd8989c4e40b78346e910e26de150a299e,View/selection controls are inventoried; not a separate meter registration/lifecycle form. Any mutation belongs to its operations/report family.
ireps-web-forms,src/pages/ward-scope/ErfsPage.jsx,"Search, selection, list or reporting surface",,feature worktree / additional root,6ae38ca5f0fb04a0eddc7db4f9a790c4ed49264d4bffeb14f5ed2458c0a0d8ed,View/selection controls are inventoried; not a separate meter registration/lifecycle form. Any mutation belongs to its operations/report family.
ireps-web-forms,src/pages/maps/MapPage.jsx,"Search, selection, list or reporting surface",,feature worktree / additional root,ee7bb8e20c92d411c0d38b6bfd98c642e17bbc04b2597ef59ff20c0242ed1e03,View/selection controls are inventoried; not a separate meter registration/lifecycle form. Any mutation belongs to its operations/report family.
ireps-web-forms,src/pages/LoginPage.jsx,Form/action family or supporting source,FRM-001,feature worktree / additional root,7d6d4e292279a65ae91ebd8166c141eabaf784cd733c4a6b7bae8274b5a62ca2,Mapped package(s) cover the explicitly named variants; release status is separate.
ireps-web-forms,src/pages/ward-scope/components/WardScopeHeader.jsx,"Search, selection, list or reporting surface",,feature worktree / additional root,a51eeaaec076e2ba321e0d9af045c37cf42ad9b3a32ca2b5bb859f0844b9d71e,View/selection controls are inventoried; not a separate meter registration/lifecycle form. Any mutation belongs to its operations/report family.
ireps-web-forms,src/layouts/ConsoleLayout.jsx,"Search, selection, list or reporting surface",,feature worktree / additional root,bbb4ce7cb0f9454487c47c1418350e574e00d625b6e6fe74d67fd8feb57fb321,View/selection controls are inventoried; not a separate meter registration/lifecycle form. Any mutation belongs to its operations/report family.
ireps-web-forms,src/pages/users/UsersPage.jsx,Form/action family or supporting source,FRM-009;FRM-022,feature worktree / additional root,e6e6d91b2dac5861d954243e525fb209b86236227f95817de82617cfaec9f034,Mapped package(s) cover the explicitly named variants; release status is separate.
ireps-web-forms,src/pages/dashboard/TrnRegistryDashboardPage.jsx,"Search, selection, list or reporting surface",,feature worktree / additional root,c302977baea2e1d5572e5c3223016d4077089a1aa993611419f10dbafff127ef,View/selection controls are inventoried; not a separate meter registration/lifecycle form. Any mutation belongs to its operations/report family.
ireps-web-forms,src/pages/dashboard/ProjectPopulationDashboardPage.jsx,"Search, selection, list or reporting surface",,feature worktree / additional root,38a055106dfea55db9b7980102c037861d24b57a89fd760e2230cca22ae7818f,View/selection controls are inventoried; not a separate meter registration/lifecycle form. Any mutation belongs to its operations/report family.
ireps-web-forms,src/pages/dashboard/CustomerCategoryDashboardPage.jsx,"Search, selection, list or reporting surface",,feature worktree / additional root,30638964c36ab529a0c749c6100b07ccf8faf928398a2c20e3a4de9487130f19,View/selection controls are inventoried; not a separate meter registration/lifecycle form. Any mutation belongs to its operations/report family.
ireps-web-forms,src/pages/dashboard/CustomerCategoriesDashboardPage.jsx,"Search, selection, list or reporting surface",,feature worktree / additional root,f2aa0f028486e7986c4951137e06cd661ebfb288c295b033f6ecca01047f3360,View/selection controls are inventoried; not a separate meter registration/lifecycle form. Any mutation belongs to its operations/report family.
ireps-web-forms,src/pages/dashboard/AnomaliesDashboardPage.jsx,"Search, selection, list or reporting surface",,feature worktree / additional root,254e72853123fc3e54603b6c98b2ea3527b17c2e57d2107f0dfe1eb1f3f1ab97,View/selection controls are inventoried; not a separate meter registration/lifecycle form. Any mutation belongs to its operations/report family.
ireps-web-forms,src/pages/dashboard/ActivityReportDashboardPage.jsx,"Search, selection, list or reporting surface",,feature worktree / additional root,a33448a89c32c3c0bc8df72ab274fa80db21c6a8803864e28c9acb0ba9877149,View/selection controls are inventoried; not a separate meter registration/lifecycle form. Any mutation belongs to its operations/report family.
ireps-web-forms,docs/archive/root-cleanup-20260803/SALES_TARGETED_BATCH_V2_INSPECTION/src/pages/sales/components/SalesMetersTable.jsx,Historical / diagnostic copy; excluded from current form count,,feature worktree / additional root,c62cde65b66f553ddf6f88efb158010953822f8704d734ba9bad81b892907941,Retain as provenance; not a recommended current screen.
ireps-web-forms,docs/archive/root-cleanup-20260803/SALES_TARGETED_BATCH_V2_INSPECTION/src/pages/sales/components/SalesGpsMapSection.jsx,Historical / diagnostic copy; excluded from current form count,,feature worktree / additional root,eb778684e2763d0303f1bfe4d5cfcf8951752648b070b3fe14e22b48dd8a859b,Retain as provenance; not a recommended current screen.
ireps-web-forms,src/pages/admin/MreadStagingControllerPage.jsx,Form/action family or supporting source,FRM-032,feature worktree / additional root,9de0617599b94bd9e22f387bda9b3765ad9335575ecfdaa2dc0a511b8a12695b,Mapped package(s) cover the explicitly named variants; release status is separate.
ireps-web-forms,src/pages/profile/ProfilePage.jsx,Form/action family or supporting source,FRM-008,feature worktree / additional root,f203b310086031758ae4531cf014236de2fa094475d6847fd0f8b89ffde0a917,Mapped package(s) cover the explicitly named variants; release status is separate.
ireps-web-forms,docs/backups/TARGETED_BATCH_WARD_GROUPING_20260803_042026/src/pages/operations/TargetedBatchesPage.jsx,Historical / diagnostic copy; excluded from current form count,,feature worktree / additional root,fefafd88432ee19f38ac71e510fa2a3bf87d424884979fe2d4226fd5f62d1b8a,Retain as provenance; not a recommended current screen.
ireps-web-forms,src/pages/registries/WardsRegistryPage.jsx,"Search, selection, list or reporting surface",,feature worktree / additional root,4832887bd6e5ccad904c3bfaa070fdde884e4092024c8ae24e29a532a596fb35,View/selection controls are inventoried; not a separate meter registration/lifecycle form. Any mutation belongs to its operations/report family.
ireps-web-forms,src/pages/registries/TrnsRegistryPage.jsx,"Search, selection, list or reporting surface",,feature worktree / additional root,fe23d57edd41b4f3f3fef56c059684f6c4a398569f188655f093dcb55475377f,View/selection controls are inventoried; not a separate meter registration/lifecycle form. Any mutation belongs to its operations/report family.
ireps-web-forms,src/pages/registries/PremisesRegistryPage.jsx,"Search, selection, list or reporting surface",,feature worktree / additional root,8afaf3b514ffccaf07efd724c492efe2740706ea4bf5341d0ed3b9fa0ef893de,View/selection controls are inventoried; not a separate meter registration/lifecycle form. Any mutation belongs to its operations/report family.
ireps-web-forms,src/pages/registries/MreadStagingPage.jsx,Form/action family or supporting source,FRM-032,feature worktree / additional root,8d1647d02258c5d8abdb5ff521293b9e25ba0c23ad9d35082b11e3cb9940c935,Mapped package(s) cover the explicitly named variants; release status is separate.
ireps-web-forms,src/pages/registries/MreadRegistryPage.jsx,Form/action family or supporting source,FRM-032,feature worktree / additional root,6cebb2fcbee6afb42370e615c0fc8cb427ace826bef555aececba8ddd3d67afd,Mapped package(s) cover the explicitly named variants; release status is separate.
ireps-web-forms,src/pages/registries/MetersRegistryPage.jsx,"Search, selection, list or reporting surface",,feature worktree / additional root,296d9a630650a594037315f43620d058af373960f243ac9f87756ea588c4c064,View/selection controls are inventoried; not a separate meter registration/lifecycle form. Any mutation belongs to its operations/report family.
ireps-web-forms,src/pages/registries/ErfsRegistryPage.jsx,"Search, selection, list or reporting surface",,feature worktree / additional root,83b72f2ded48f409293bc621fedab12d0cf80d700d0ab5f04213455890e48aae,View/selection controls are inventoried; not a separate meter registration/lifecycle form. Any mutation belongs to its operations/report family.
ireps-web-forms,src/components/DatetimeFilter.jsx,"Search, selection, list or reporting surface",,feature worktree / additional root,6339311e011c1b065573004183c5ef91ebc3183554da9567244dabaa1d8d7c2d,View/selection controls are inventoried; not a separate meter registration/lifecycle form. Any mutation belongs to its operations/report family.
ireps-web-forms,src/pages/registries/AccountsRegistryPage.jsx,"Search, selection, list or reporting surface",,feature worktree / additional root,fb1ad94a79123daa6e2e531c57b5333e9284301be9976201dfd5c906be606a42,View/selection controls are inventoried; not a separate meter registration/lifecycle form. Any mutation belongs to its operations/report family.
ireps-web-forms,src/pages/sales/SalesBatchReportPage.jsx,Report scope/filter controls,FRM-033,feature worktree / additional root,95a9e703739c8f018cda69ca8e16a297f09655765a2967170997a4f5bb2ad14f,Related to report generation; reviewed SalesBatchReport variant exposes only search/execution/ward/match/access filters here; no separate capture event.
ireps-web-forms,src/pages/sales/PrepaidSales.jsx,"Search, selection, list or reporting surface",,feature worktree / additional root,6c6620ca7a41598e33bf91d44db6bc951edf694e2ef3f59d2b18e88b0ab519f7,View/selection controls are inventoried; not a separate meter registration/lifecycle form. Any mutation belongs to its operations/report family.
ireps-web-forms,src/pages/sales/NonGpsBatchPlanningPage.jsx,Form/action family or supporting source,FRM-029,feature worktree / additional root,2be3445d527d55a9316b5b6bd4f281b89cc5ea165ddb2ae75e5672af3d8b2c14,Mapped package(s) cover the explicitly named variants; release status is separate.
ireps-web-forms,src/pages/registries/components/TrnReportPreviewModal.jsx,Form/action family or supporting source,FRM-033,feature worktree / additional root,b05513a237c1fe4425324579db62c79b15a593b67c13efc5906cc459044c06e7,Mapped package(s) cover the explicitly named variants; release status is separate.
ireps-web-forms,src/pages/sales/SalesReportingPage.jsx,"Search, selection, list or reporting surface",,feature worktree / additional root,4cce13bf32f763929add4f4e3b5901b368acf4ef27739373596e0a4676be4910,View/selection controls are inventoried; not a separate meter registration/lifecycle form. Any mutation belongs to its operations/report family.
ireps-web-forms,src/pages/sales/SalesStatsPage.jsx,"Search, selection, list or reporting surface",,feature worktree / additional root,649d89e31491aab82651da91023b8a112934f8013ae77b8ab03142cd030ccfe4,View/selection controls are inventoried; not a separate meter registration/lifecycle form. Any mutation belongs to its operations/report family.
ireps-web-forms,src/features/maps/DesktopGeoCascadingSelector.jsx,"Search, selection, list or reporting surface",,feature worktree / additional root,4f7c9e4d794019ce1f027ce118707370a34fcce1c0c9ec831d03cfdbb12f5b66,View/selection controls are inventoried; not a separate meter registration/lifecycle form. Any mutation belongs to its operations/report family.
ireps-web-forms,src/pages/reports/AnomalyReportPage.jsx,Report scope/filter controls,FRM-033,feature worktree / additional root,a19b47e43ac7e120ac1154b83c646ba0f82743366adb6b9e18317c530e50cded,Related to report generation; reviewed SalesBatchReport variant exposes only search/execution/ward/match/access filters here; no separate capture event.
ireps-web-forms,src/pages/reports/UserActivityReportPage.jsx,Report scope/filter controls,FRM-033,feature worktree / additional root,c63d0720ce70c4ec7af3c596763331547f5a83be84c9065bd3469695704285a1,Related to report generation; reviewed SalesBatchReport variant exposes only search/execution/ward/match/access filters here; no separate capture event.
ireps-web-forms,src/pages/reports/NormalisationReportPage.jsx,Report scope/filter controls,FRM-033,feature worktree / additional root,f393f0b72b7cc7076bbf59b4896edc25f1d1d1c7efea9c59a5a8c5860819f051,Related to report generation; reviewed SalesBatchReport variant exposes only search/execution/ward/match/access filters here; no separate capture event.
ireps-web-forms,src/pages/reports/NoAccessReportPage.jsx,Report scope/filter controls,FRM-033,feature worktree / additional root,4daba575e1e238c96fe8c188b916cef2d314d96c8f66b06f46c65a2214668dc0,Related to report generation; reviewed SalesBatchReport variant exposes only search/execution/ward/match/access filters here; no separate capture event.
ireps-web-forms,src/pages/reports/GeneralMonthlyReportPage.jsx,Form/action family or supporting source,FRM-033,feature worktree / additional root,e09673f9d112323c2ad76e2ff6a4fcb3e442837448d69998cd25dc1d625391be,Mapped package(s) cover the explicitly named variants; release status is separate.
ireps-web-forms,src/pages/sales/BatchesGeofencesPage.jsx,"Search, selection, list or reporting surface",,feature worktree / additional root,62d6998a057fecfe59b1ed180b8b8eada6c2107468d9aef07c52f8bc8cb7d23d,View/selection controls are inventoried; not a separate meter registration/lifecycle form. Any mutation belongs to its operations/report family.
ireps-web-forms,src/pages/operations/BmdBgoPage.jsx,Form/action family or supporting source,FRM-031,feature worktree / additional root,58279ddd0c54dc3b71143cc075d4cf1a959341266e9dd7965985545562ff048c,Mapped package(s) cover the explicitly named variants; release status is separate.
ireps-web-forms,src/pages/operations/BgoDashboardPage.jsx,"Search, selection, list or reporting surface",,feature worktree / additional root,42bd1c499bd44df4b551f1ae476c02ad01d1b086708b43de46881bbd0ae77c41,View/selection controls are inventoried; not a separate meter registration/lifecycle form. Any mutation belongs to its operations/report family.
ireps-web-forms,src/pages/operations/GeofencePlanningLayers.jsx,Form/action family or supporting source,FRM-025,feature worktree / additional root,7dd1f5afce172233ec7730b080d6012e6806f8bf5a16183b664b594f70175fd3,Mapped package(s) cover the explicitly named variants; release status is separate.
ireps-web-forms,src/pages/operations/geofence-shared-ui.jsx,Form/action family or supporting source,FRM-025,feature worktree / additional root,52a6de8d7dedcd9d62491841f2939b927b042df3baf2410adfaa492dda193d10,Mapped package(s) cover the explicitly named variants; release status is separate.
ireps-web-forms,src/pages/operations/OperationalTeamsPage.jsx,Form/action family or supporting source,FRM-024,feature worktree / additional root,9fb9948df9b35d3431c7640d29974d1b972b3f3cd58cd95ec7ad85616cfbb627,Mapped package(s) cover the explicitly named variants; release status is separate.
ireps-web-forms,src/pages/operations/MdBgoRowsPage.jsx,Form/action family or supporting source,FRM-031,feature worktree / additional root,8f77becac8522e6b1d38572ba4a8cf8c85c2440507db85c7931a3f3dce2ff83c,Mapped package(s) cover the explicitly named variants; release status is separate.
ireps-web-forms,src/pages/operations/GeoFencesPage.jsx,Form/action family or supporting source,FRM-025,feature worktree / additional root,524e3aff3f654cadc338059076021e31427f4dae0f74d86662c9c70918648284,Mapped package(s) cover the explicitly named variants; release status is separate.
ireps-web-forms,docs/backups/TARGETED_BATCH_WARD_GROUPING_20260803_042026/src/pages/operations/targeted-batches/draft/TargetedBatchDraftTable.jsx,Historical / diagnostic copy; excluded from current form count,,feature worktree / additional root,7c8af76ec392dabdf8da39c207efd076f2deac5f97a9805133f535093d8699dd,Retain as provenance; not a recommended current screen.
ireps-web-forms,src/pages/sales/components/MultiSelectFilter.jsx,"Search, selection, list or reporting surface",,feature worktree / additional root,7a11155d185fcafed57edc4be2cdfadb4c8cc9be32d8fd588c509ab65609b0d1,View/selection controls are inventoried; not a separate meter registration/lifecycle form. Any mutation belongs to its operations/report family.
ireps-web-forms,src/pages/sales/components/NonGpsExceptions.jsx,"Search, selection, list or reporting surface",,feature worktree / additional root,9b28b5f7bf029fceaad3f28a078a13810026fba3db51a4269f363e4dc25fb528,View/selection controls are inventoried; not a separate meter registration/lifecycle form. Any mutation belongs to its operations/report family.
ireps-web-forms,src/pages/sales/components/NonGpsStreetDetail.jsx,"Search, selection, list or reporting surface",,feature worktree / additional root,0cae3a688e87e3894775f1c61b6a0bbe8f3855a7c8d634fc92c76998e1940a8e,View/selection controls are inventoried; not a separate meter registration/lifecycle form. Any mutation belongs to its operations/report family.
ireps-web-forms,src/pages/sales/components/NonGpsQuickSelect.jsx,Form/action family or supporting source,FRM-029,feature worktree / additional root,3e380849d7eed049e0fcc707008a2eaa7f8acfba1b7bfc8f5aa63ecea2627f84,Mapped package(s) cover the explicitly named variants; release status is separate.
ireps-web-forms,src/pages/sales/components/NonGpsStreetPlanning.jsx,Form/action family or supporting source,FRM-029,feature worktree / additional root,fc9d2cf87785da48b8f9f5278be74c306369e46df4f4bb0e2a32a7b65b721713,Mapped package(s) cover the explicitly named variants; release status is separate.
ireps-web-forms,src/pages/operations/TcUploadsPage.jsx,Form/action family or supporting source,FRM-030,feature worktree / additional root,c57a8f08703f72439ba00a40d9ae31ef7c1bb47f46b91a674c571549851931fc,Mapped package(s) cover the explicitly named variants; release status is separate.
ireps-web-forms,src/pages/operations/TcUploadDetailsPage.jsx,"Search, selection, list or reporting surface",,feature worktree / additional root,772830def28683174ddeff4277c11ac46a01a96eb8c164bdaad0804d75d295d5,View/selection controls are inventoried; not a separate meter registration/lifecycle form. Any mutation belongs to its operations/report family.
ireps-web-forms,src/pages/operations/TcFinalReportPage.jsx,"Search, selection, list or reporting surface",,feature worktree / additional root,df7f2f65f81ce9c0c7618f383dec2ff1b29f0cf0da661a4ba16492236fc23eae,View/selection controls are inventoried; not a separate meter registration/lifecycle form. Any mutation belongs to its operations/report family.
ireps-web-forms,src/pages/operations/TcBgoPage.jsx,Form/action family or supporting source,FRM-031,feature worktree / additional root,57a0cf28f833691d7d3fcd4dab6282c8da87b1c4ec464ae8b109f87bbfbefb11,Mapped package(s) cover the explicitly named variants; release status is separate.
ireps-web-forms,src/pages/operations/TcBgoDashboardPage.jsx,"Search, selection, list or reporting surface",,feature worktree / additional root,a32e1f03f4249397dd29af9661691cddb97b92801b66889209f3af41ec6de2f1,View/selection controls are inventoried; not a separate meter registration/lifecycle form. Any mutation belongs to its operations/report family.
ireps-web-forms,src/pages/operations/TargetedBatchDashboardPage.jsx,"Search, selection, list or reporting surface",,feature worktree / additional root,28b85411b0b4edc9cd73aba1c53f4931b53b6014b8114340f7b3f0609e558424,View/selection controls are inventoried; not a separate meter registration/lifecycle form. Any mutation belongs to its operations/report family.
ireps-web-forms,src/pages/operations/TargetedBatchesPage.jsx,Form/action family or supporting source,FRM-029,feature worktree / additional root,20d567436bf1d290dbb1f9b16450b99f4877f31d56f1b2fd440375089febdd03,Mapped package(s) cover the explicitly named variants; release status is separate.
ireps-web-forms,src/pages/operations/TargetedBatchAllocationMatrixPage.jsx,"Search, selection, list or reporting surface",,feature worktree / additional root,795bf9015c5d9340a0f5e723ef013f3fe47c21d4f7f92877f165c69ff35d3eda,View/selection controls are inventoried; not a separate meter registration/lifecycle form. Any mutation belongs to its operations/report family.
ireps-web-forms,src/pages/operations/TargetedBatchAllocationMapPage.jsx,Form/action family or supporting source,FRM-029,feature worktree / additional root,f4478272c5b19e5f55bc81d43408fc3f5df6b6d80985960967bf59b9a4bb3dc6,Mapped package(s) cover the explicitly named variants; release status is separate.
ireps-web-forms,src/pages/sales/components/SalesMetersTable.jsx,"Search, selection, list or reporting surface",,feature worktree / additional root,b049124e5b93572d994f2bd473d408486e99b6408bdab29428186e78ffa48cfe,View/selection controls are inventoried; not a separate meter registration/lifecycle form. Any mutation belongs to its operations/report family.
ireps-web-forms,src/pages/sales/components/SalesGpsMapSection.jsx,"Search, selection, list or reporting surface",,feature worktree / additional root,5793523e21a6b9b5f8aa6f0df7887a7b1fe2f6e24fae3de006ed48e088840d93,View/selection controls are inventoried; not a separate meter registration/lifecycle form. Any mutation belongs to its operations/report family.
ireps-web-forms,src/pages/sales/components/SalesRangeFilterModal.jsx,"Search, selection, list or reporting surface",,feature worktree / additional root,cf0ba2a3c053dfdbe854536d09340643e261be1d00122f003ee2f4cdfc9acd26,View/selection controls are inventoried; not a separate meter registration/lifecycle form. Any mutation belongs to its operations/report family.
ireps-web-forms,src/pages/operations/targeted-batches/TargetedBatchUnallocateModal.jsx,Form/action family or supporting source,FRM-029,feature worktree / additional root,6a13641711794dbcebf1145f570eaed3fe98b01249191ff06b3c4b911c15cf24,Mapped package(s) cover the explicitly named variants; release status is separate.
ireps-web-forms,src/pages/operations/targeted-batches/TargetedBatchUploadModal.jsx,Form/action family or supporting source,FRM-029,feature worktree / additional root,b73ba15c10047c9781e86a84f8f02792044b10404be081a38dee9b240ecfc686,Mapped package(s) cover the explicitly named variants; release status is separate.
ireps-web-forms,src/pages/operations/targeted-batches/draft/TargetedBatchDraftFilters.jsx,"Search, selection, list or reporting surface",,feature worktree / additional root,8b792edaa8f89bb6a3946a263313bcd4307bdfd147c63fd4e2916eaf800ce0b3,View/selection controls are inventoried; not a separate meter registration/lifecycle form. Any mutation belongs to its operations/report family.
ireps-web-forms,src/pages/operations/targeted-batches/draft/TargetedBatchDraftTable.jsx,Form/action family or supporting source,FRM-029,feature worktree / additional root,e8ec097a6e4e820d1df2d42bb1ae2ffd4546ffccc69d99cea6dec388ebdb5654,Mapped package(s) cover the explicitly named variants; release status is separate.
ireps-web-forms,src/pages/operations/targeted-batches/allocation/TargetedBatchAllocationRowsPanel.jsx,Form/action family or supporting source,FRM-029,feature worktree / additional root,88fb0bf680ee49c43e76843df5a6a8f55df5e50124f46c3727130fb627af2e9c,Mapped package(s) cover the explicitly named variants; release status is separate.
ireps-web-forms,src/pages/operations/targeted-batches/allocation/TargetedBatchAllocationTargetPanel.jsx,Form/action family or supporting source,FRM-029,feature worktree / additional root,9ea2d8c498fd772628263d950767f7df09d79a0a7799740b89d71ee179d79e82,Mapped package(s) cover the explicitly named variants; release status is separate.
ireps-web-forms,src/pages/operations/targeted-batches/rows/TargetedBatchRowsFilters.jsx,"Search, selection, list or reporting surface",,feature worktree / additional root,237d439ff8cc846581980288188b3b91a2e88eab71aee333bea272331c0d2ee3,View/selection controls are inventoried; not a separate meter registration/lifecycle form. Any mutation belongs to its operations/report family.
ireps-web-forms,src/pages/operations/targeted-batches/rows/TargetedBatchTakeOutWindows.jsx,Form/action family or supporting source,FRM-029,feature worktree / additional root,36f701887e8a07bf5eb1c28d3ea1c4400862aa5802acc5076a31c44b472edd6c,Mapped package(s) cover the explicitly named variants; release status is separate.
ireps-web-forms,src/pages/operations/targeted-batches/rows/TargetedBatchRowsTable.jsx,Form/action family or supporting source,FRM-029,feature worktree / additional root,c8daa2686fe307cd65b8d43aec2453eecd8d11fb2c8c9a3ca04340fbe36a7f64,Mapped package(s) cover the explicitly named variants; release status is separate.
ireps-web-gmr,docs/temp/sales-sg-erf-ui-inspection/src/pages/sales/components/SalesMetersTable.jsx,Historical / diagnostic copy; excluded from current form count,,feature worktree / additional root,3b06deaf093498fd2073f21fae12be64fdb6cd22f12c9b57bf31dc466984ae8c,Retain as provenance; not a recommended current screen.
ireps-web-gmr,src/components/DatetimeFilter.jsx,"Search, selection, list or reporting surface",,feature worktree / additional root,6339311e011c1b065573004183c5ef91ebc3183554da9567244dabaa1d8d7c2d,View/selection controls are inventoried; not a separate meter registration/lifecycle form. Any mutation belongs to its operations/report family.
ireps-web-gmr,docs/backups/TARGETED_BATCH_WARD_GROUPING_20260803_042026/src/pages/operations/TargetedBatchesPage.jsx,Historical / diagnostic copy; excluded from current form count,,feature worktree / additional root,fefafd88432ee19f38ac71e510fa2a3bf87d424884979fe2d4226fd5f62d1b8a,Retain as provenance; not a recommended current screen.
ireps-web-gmr,src/pages/ward-scope/PremisesPage.jsx,"Search, selection, list or reporting surface",,feature worktree / additional root,d83c06b90924b1f3fb66c70a837fac33bc473b05ca0e08a43ce7572ebbd06031,View/selection controls are inventoried; not a separate meter registration/lifecycle form. Any mutation belongs to its operations/report family.
ireps-web-gmr,src/pages/ward-scope/MetersPage.jsx,"Search, selection, list or reporting surface",,feature worktree / additional root,0dbac561162cfca3510a3b86c88628fd8989c4e40b78346e910e26de150a299e,View/selection controls are inventoried; not a separate meter registration/lifecycle form. Any mutation belongs to its operations/report family.
ireps-web-gmr,src/pages/ward-scope/ErfsPage.jsx,"Search, selection, list or reporting surface",,feature worktree / additional root,6ae38ca5f0fb04a0eddc7db4f9a790c4ed49264d4bffeb14f5ed2458c0a0d8ed,View/selection controls are inventoried; not a separate meter registration/lifecycle form. Any mutation belongs to its operations/report family.
ireps-web-gmr,src/pages/ward-scope/components/WardScopeHeader.jsx,"Search, selection, list or reporting surface",,feature worktree / additional root,a51eeaaec076e2ba321e0d9af045c37cf42ad9b3a32ca2b5bb859f0844b9d71e,View/selection controls are inventoried; not a separate meter registration/lifecycle form. Any mutation belongs to its operations/report family.
ireps-web-gmr,src/pages/users/UsersPage.jsx,Form/action family or supporting source,FRM-009;FRM-022,feature worktree / additional root,a6817f00b049d94cd642478c94eb6caa4994edfac1042e11253aa8f772925c1e,Mapped package(s) cover the explicitly named variants; release status is separate.
ireps-web-gmr,docs/backups/TARGETED_BATCH_WARD_GROUPING_20260803_042026/src/pages/operations/targeted-batches/draft/TargetedBatchDraftTable.jsx,Historical / diagnostic copy; excluded from current form count,,feature worktree / additional root,7c8af76ec392dabdf8da39c207efd076f2deac5f97a9805133f535093d8699dd,Retain as provenance; not a recommended current screen.
ireps-web-gmr,src/layouts/ConsoleLayout.jsx,"Search, selection, list or reporting surface",,feature worktree / additional root,747d759e50d93d55cf08a7b73178a7b6821227abcb80031e1401a534d8e811c7,View/selection controls are inventoried; not a separate meter registration/lifecycle form. Any mutation belongs to its operations/report family.
ireps-web-gmr,src/pages/dashboard/TrnRegistryDashboardPage.jsx,"Search, selection, list or reporting surface",,feature worktree / additional root,c302977baea2e1d5572e5c3223016d4077089a1aa993611419f10dbafff127ef,View/selection controls are inventoried; not a separate meter registration/lifecycle form. Any mutation belongs to its operations/report family.
ireps-web-gmr,src/pages/dashboard/ProjectPopulationDashboardPage.jsx,"Search, selection, list or reporting surface",,feature worktree / additional root,38a055106dfea55db9b7980102c037861d24b57a89fd760e2230cca22ae7818f,View/selection controls are inventoried; not a separate meter registration/lifecycle form. Any mutation belongs to its operations/report family.
ireps-web-gmr,src/pages/dashboard/CustomerCategoryDashboardPage.jsx,"Search, selection, list or reporting surface",,feature worktree / additional root,30638964c36ab529a0c749c6100b07ccf8faf928398a2c20e3a4de9487130f19,View/selection controls are inventoried; not a separate meter registration/lifecycle form. Any mutation belongs to its operations/report family.
ireps-web-gmr,src/pages/dashboard/CustomerCategoriesDashboardPage.jsx,"Search, selection, list or reporting surface",,feature worktree / additional root,f2aa0f028486e7986c4951137e06cd661ebfb288c295b033f6ecca01047f3360,View/selection controls are inventoried; not a separate meter registration/lifecycle form. Any mutation belongs to its operations/report family.
ireps-web-gmr,src/pages/dashboard/AnomaliesDashboardPage.jsx,"Search, selection, list or reporting surface",,feature worktree / additional root,254e72853123fc3e54603b6c98b2ea3527b17c2e57d2107f0dfe1eb1f3f1ab97,View/selection controls are inventoried; not a separate meter registration/lifecycle form. Any mutation belongs to its operations/report family.
ireps-web-gmr,src/pages/dashboard/ActivityReportDashboardPage.jsx,"Search, selection, list or reporting surface",,feature worktree / additional root,a33448a89c32c3c0bc8df72ab274fa80db21c6a8803864e28c9acb0ba9877149,View/selection controls are inventoried; not a separate meter registration/lifecycle form. Any mutation belongs to its operations/report family.
ireps-web-gmr,src/pages/operations/BmdBgoPage.jsx,Form/action family or supporting source,FRM-031,feature worktree / additional root,58279ddd0c54dc3b71143cc075d4cf1a959341266e9dd7965985545562ff048c,Mapped package(s) cover the explicitly named variants; release status is separate.
ireps-web-gmr,src/pages/operations/BgoDashboardPage.jsx,"Search, selection, list or reporting surface",,feature worktree / additional root,42bd1c499bd44df4b551f1ae476c02ad01d1b086708b43de46881bbd0ae77c41,View/selection controls are inventoried; not a separate meter registration/lifecycle form. Any mutation belongs to its operations/report family.
ireps-web-gmr,src/pages/sales/SalesStatsPage.jsx,"Search, selection, list or reporting surface",,feature worktree / additional root,649d89e31491aab82651da91023b8a112934f8013ae77b8ab03142cd030ccfe4,View/selection controls are inventoried; not a separate meter registration/lifecycle form. Any mutation belongs to its operations/report family.
ireps-web-gmr,src/pages/sales/SalesReportingPage.jsx,"Search, selection, list or reporting surface",,feature worktree / additional root,4cce13bf32f763929add4f4e3b5901b368acf4ef27739373596e0a4676be4910,View/selection controls are inventoried; not a separate meter registration/lifecycle form. Any mutation belongs to its operations/report family.
ireps-web-gmr,src/pages/sales/SalesBatchReportPage.jsx,Report scope/filter controls,FRM-033,feature worktree / additional root,95a9e703739c8f018cda69ca8e16a297f09655765a2967170997a4f5bb2ad14f,Related to report generation; reviewed SalesBatchReport variant exposes only search/execution/ward/match/access filters here; no separate capture event.
ireps-web-gmr,src/pages/sales/PrepaidSales.jsx,"Search, selection, list or reporting surface",,feature worktree / additional root,6c6620ca7a41598e33bf91d44db6bc951edf694e2ef3f59d2b18e88b0ab519f7,View/selection controls are inventoried; not a separate meter registration/lifecycle form. Any mutation belongs to its operations/report family.
ireps-web-gmr,src/pages/sales/NonGpsBatchPlanningPage.jsx,Form/action family or supporting source,FRM-029,feature worktree / additional root,2be3445d527d55a9316b5b6bd4f281b89cc5ea165ddb2ae75e5672af3d8b2c14,Mapped package(s) cover the explicitly named variants; release status is separate.
ireps-web-gmr,src/pages/admin/MreadStagingControllerPage.jsx,Form/action family or supporting source,FRM-032,feature worktree / additional root,9de0617599b94bd9e22f387bda9b3765ad9335575ecfdaa2dc0a511b8a12695b,Mapped package(s) cover the explicitly named variants; release status is separate.
ireps-web-gmr,src/pages/LoginPage.jsx,Form/action family or supporting source,FRM-001,feature worktree / additional root,7d6d4e292279a65ae91ebd8166c141eabaf784cd733c4a6b7bae8274b5a62ca2,Mapped package(s) cover the explicitly named variants; release status is separate.
ireps-web-gmr,src/pages/operations/OperationalTeamsPage.jsx,Form/action family or supporting source,FRM-024,feature worktree / additional root,9fb9948df9b35d3431c7640d29974d1b972b3f3cd58cd95ec7ad85616cfbb627,Mapped package(s) cover the explicitly named variants; release status is separate.
ireps-web-gmr,src/pages/operations/TcUploadsPage.jsx,Form/action family or supporting source,FRM-030,feature worktree / additional root,c57a8f08703f72439ba00a40d9ae31ef7c1bb47f46b91a674c571549851931fc,Mapped package(s) cover the explicitly named variants; release status is separate.
ireps-web-gmr,src/pages/operations/TcUploadDetailsPage.jsx,"Search, selection, list or reporting surface",,feature worktree / additional root,772830def28683174ddeff4277c11ac46a01a96eb8c164bdaad0804d75d295d5,View/selection controls are inventoried; not a separate meter registration/lifecycle form. Any mutation belongs to its operations/report family.
ireps-web-gmr,src/pages/operations/TcFinalReportPage.jsx,"Search, selection, list or reporting surface",,feature worktree / additional root,df7f2f65f81ce9c0c7618f383dec2ff1b29f0cf0da661a4ba16492236fc23eae,View/selection controls are inventoried; not a separate meter registration/lifecycle form. Any mutation belongs to its operations/report family.
ireps-web-gmr,src/pages/operations/MdBgoRowsPage.jsx,Form/action family or supporting source,FRM-031,feature worktree / additional root,8f77becac8522e6b1d38572ba4a8cf8c85c2440507db85c7931a3f3dce2ff83c,Mapped package(s) cover the explicitly named variants; release status is separate.
ireps-web-gmr,src/pages/operations/TcBgoPage.jsx,Form/action family or supporting source,FRM-031,feature worktree / additional root,57a0cf28f833691d7d3fcd4dab6282c8da87b1c4ec464ae8b109f87bbfbefb11,Mapped package(s) cover the explicitly named variants; release status is separate.
ireps-web-gmr,src/pages/operations/GeoFencesPage.jsx,Form/action family or supporting source,FRM-025,feature worktree / additional root,524e3aff3f654cadc338059076021e31427f4dae0f74d86662c9c70918648284,Mapped package(s) cover the explicitly named variants; release status is separate.
ireps-web-gmr,src/pages/operations/TcBgoDashboardPage.jsx,"Search, selection, list or reporting surface",,feature worktree / additional root,a32e1f03f4249397dd29af9661691cddb97b92801b66889209f3af41ec6de2f1,View/selection controls are inventoried; not a separate meter registration/lifecycle form. Any mutation belongs to its operations/report family.
ireps-web-gmr,src/pages/operations/TargetedBatchesPage.jsx,Form/action family or supporting source,FRM-029,feature worktree / additional root,20d567436bf1d290dbb1f9b16450b99f4877f31d56f1b2fd440375089febdd03,Mapped package(s) cover the explicitly named variants; release status is separate.
ireps-web-gmr,src/pages/operations/GeofencePlanningLayers.jsx,Form/action family or supporting source,FRM-025,feature worktree / additional root,b50ef1a0d493c1ff3ace2092d61636b2a92da89b946b307486d42ea0c88b3b15,Mapped package(s) cover the explicitly named variants; release status is separate.
ireps-web-gmr,src/pages/operations/geofence-shared-ui.jsx,Form/action family or supporting source,FRM-025,feature worktree / additional root,52a6de8d7dedcd9d62491841f2939b927b042df3baf2410adfaa492dda193d10,Mapped package(s) cover the explicitly named variants; release status is separate.
ireps-web-gmr,src/pages/operations/TargetedBatchDashboardPage.jsx,"Search, selection, list or reporting surface",,feature worktree / additional root,28b85411b0b4edc9cd73aba1c53f4931b53b6014b8114340f7b3f0609e558424,View/selection controls are inventoried; not a separate meter registration/lifecycle form. Any mutation belongs to its operations/report family.
ireps-web-gmr,src/pages/operations/TargetedBatchAllocationMatrixPage.jsx,"Search, selection, list or reporting surface",,feature worktree / additional root,795bf9015c5d9340a0f5e723ef013f3fe47c21d4f7f92877f165c69ff35d3eda,View/selection controls are inventoried; not a separate meter registration/lifecycle form. Any mutation belongs to its operations/report family.
ireps-web-gmr,src/pages/operations/TargetedBatchAllocationMapPage.jsx,Form/action family or supporting source,FRM-029,feature worktree / additional root,f4478272c5b19e5f55bc81d43408fc3f5df6b6d80985960967bf59b9a4bb3dc6,Mapped package(s) cover the explicitly named variants; release status is separate.
ireps-web-gmr,src/pages/maps/MapPage.jsx,"Search, selection, list or reporting surface",,feature worktree / additional root,ee7bb8e20c92d411c0d38b6bfd98c642e17bbc04b2597ef59ff20c0242ed1e03,View/selection controls are inventoried; not a separate meter registration/lifecycle form. Any mutation belongs to its operations/report family.
ireps-web-gmr,src/pages/sales/BatchesGeofencesPage.jsx,"Search, selection, list or reporting surface",,feature worktree / additional root,62d6998a057fecfe59b1ed180b8b8eada6c2107468d9aef07c52f8bc8cb7d23d,View/selection controls are inventoried; not a separate meter registration/lifecycle form. Any mutation belongs to its operations/report family.
ireps-web-gmr,src/pages/operations/targeted-batches/TargetedBatchUploadModal.jsx,Form/action family or supporting source,FRM-029,feature worktree / additional root,b73ba15c10047c9781e86a84f8f02792044b10404be081a38dee9b240ecfc686,Mapped package(s) cover the explicitly named variants; release status is separate.
ireps-web-gmr,src/pages/operations/targeted-batches/TargetedBatchUnallocateModal.jsx,Form/action family or supporting source,FRM-029,feature worktree / additional root,6a13641711794dbcebf1145f570eaed3fe98b01249191ff06b3c4b911c15cf24,Mapped package(s) cover the explicitly named variants; release status is separate.
ireps-web-gmr,docs/archive/root-cleanup-20260803/SALES_TARGETED_BATCH_V2_INSPECTION/src/pages/sales/components/SalesMetersTable.jsx,Historical / diagnostic copy; excluded from current form count,,feature worktree / additional root,c62cde65b66f553ddf6f88efb158010953822f8704d734ba9bad81b892907941,Retain as provenance; not a recommended current screen.
ireps-web-gmr,docs/archive/root-cleanup-20260803/SALES_TARGETED_BATCH_V2_INSPECTION/src/pages/sales/components/SalesGpsMapSection.jsx,Historical / diagnostic copy; excluded from current form count,,feature worktree / additional root,eb778684e2763d0303f1bfe4d5cfcf8951752648b070b3fe14e22b48dd8a859b,Retain as provenance; not a recommended current screen.
ireps-web-gmr,src/features/maps/DesktopGeoCascadingSelector.jsx,"Search, selection, list or reporting surface",,feature worktree / additional root,4f7c9e4d794019ce1f027ce118707370a34fcce1c0c9ec831d03cfdbb12f5b66,View/selection controls are inventoried; not a separate meter registration/lifecycle form. Any mutation belongs to its operations/report family.
ireps-web-gmr,src/pages/reports/AnomalyReportPage.jsx,Report scope/filter controls,FRM-033,feature worktree / additional root,a19b47e43ac7e120ac1154b83c646ba0f82743366adb6b9e18317c530e50cded,Related to report generation; reviewed SalesBatchReport variant exposes only search/execution/ward/match/access filters here; no separate capture event.
ireps-web-gmr,src/pages/reports/UserActivityReportPage.jsx,Report scope/filter controls,FRM-033,feature worktree / additional root,c63d0720ce70c4ec7af3c596763331547f5a83be84c9065bd3469695704285a1,Related to report generation; reviewed SalesBatchReport variant exposes only search/execution/ward/match/access filters here; no separate capture event.
ireps-web-gmr,src/pages/reports/NormalisationReportPage.jsx,Report scope/filter controls,FRM-033,feature worktree / additional root,f393f0b72b7cc7076bbf59b4896edc25f1d1d1c7efea9c59a5a8c5860819f051,Related to report generation; reviewed SalesBatchReport variant exposes only search/execution/ward/match/access filters here; no separate capture event.
ireps-web-gmr,src/pages/reports/NoAccessReportPage.jsx,Report scope/filter controls,FRM-033,feature worktree / additional root,4daba575e1e238c96fe8c188b916cef2d314d96c8f66b06f46c65a2214668dc0,Related to report generation; reviewed SalesBatchReport variant exposes only search/execution/ward/match/access filters here; no separate capture event.
ireps-web-gmr,src/pages/reports/GeneralMonthlyReportPage.jsx,Form/action family or supporting source,FRM-033,feature worktree / additional root,7f96970059af2641a8556b5bfd1c795634b90a68537c03faa65d38bf69cbd1fd,Mapped package(s) cover the explicitly named variants; release status is separate.
ireps-web-gmr,src/pages/operations/targeted-batches/rows/TargetedBatchRowsTable.jsx,Form/action family or supporting source,FRM-029,feature worktree / additional root,7852a28db3a6aafea0f0d6d14394b7173f2812cff9d9f66b62eaa149306df665,Mapped package(s) cover the explicitly named variants; release status is separate.
ireps-web-gmr,src/pages/sales/components/NonGpsStreetPlanning.jsx,Form/action family or supporting source,FRM-029,feature worktree / additional root,fc9d2cf87785da48b8f9f5278be74c306369e46df4f4bb0e2a32a7b65b721713,Mapped package(s) cover the explicitly named variants; release status is separate.
ireps-web-gmr,src/pages/sales/components/NonGpsStreetDetail.jsx,"Search, selection, list or reporting surface",,feature worktree / additional root,67f9bd1629b6fc7fb4c3b2223db3250ebd157cbfa494d161cad4bd48adcd4043,View/selection controls are inventoried; not a separate meter registration/lifecycle form. Any mutation belongs to its operations/report family.
ireps-web-gmr,src/pages/sales/components/NonGpsQuickSelect.jsx,Form/action family or supporting source,FRM-029,feature worktree / additional root,3e380849d7eed049e0fcc707008a2eaa7f8acfba1b7bfc8f5aa63ecea2627f84,Mapped package(s) cover the explicitly named variants; release status is separate.
ireps-web-gmr,src/pages/operations/targeted-batches/rows/TargetedBatchRowsFilters.jsx,"Search, selection, list or reporting surface",,feature worktree / additional root,237d439ff8cc846581980288188b3b91a2e88eab71aee333bea272331c0d2ee3,View/selection controls are inventoried; not a separate meter registration/lifecycle form. Any mutation belongs to its operations/report family.
ireps-web-gmr,src/pages/sales/components/NonGpsExceptions.jsx,"Search, selection, list or reporting surface",,feature worktree / additional root,9b28b5f7bf029fceaad3f28a078a13810026fba3db51a4269f363e4dc25fb528,View/selection controls are inventoried; not a separate meter registration/lifecycle form. Any mutation belongs to its operations/report family.
ireps-web-gmr,src/pages/sales/components/MultiSelectFilter.jsx,"Search, selection, list or reporting surface",,feature worktree / additional root,7a11155d185fcafed57edc4be2cdfadb4c8cc9be32d8fd588c509ab65609b0d1,View/selection controls are inventoried; not a separate meter registration/lifecycle form. Any mutation belongs to its operations/report family.
ireps-web-gmr,src/pages/sales/components/SalesRangeFilterModal.jsx,"Search, selection, list or reporting surface",,feature worktree / additional root,cf0ba2a3c053dfdbe854536d09340643e261be1d00122f003ee2f4cdfc9acd26,View/selection controls are inventoried; not a separate meter registration/lifecycle form. Any mutation belongs to its operations/report family.
ireps-web-gmr,src/pages/sales/components/SalesMetersTable.jsx,"Search, selection, list or reporting surface",,feature worktree / additional root,de003789ce79aa28b6926a148a16690646c7fae216700a1e660f3c2776e167ee,View/selection controls are inventoried; not a separate meter registration/lifecycle form. Any mutation belongs to its operations/report family.
ireps-web-gmr,src/pages/sales/components/SalesGpsMapSection.jsx,"Search, selection, list or reporting surface",,feature worktree / additional root,d108344279bbcf0a40d72385696d167d2754e1b004a9ee5c2076f5dfe6eaacf4,View/selection controls are inventoried; not a separate meter registration/lifecycle form. Any mutation belongs to its operations/report family.
ireps-web-gmr,src/pages/operations/targeted-batches/draft/TargetedBatchDraftTable.jsx,Form/action family or supporting source,FRM-029,feature worktree / additional root,e8ec097a6e4e820d1df2d42bb1ae2ffd4546ffccc69d99cea6dec388ebdb5654,Mapped package(s) cover the explicitly named variants; release status is separate.
ireps-web-gmr,src/pages/operations/targeted-batches/draft/TargetedBatchDraftFilters.jsx,"Search, selection, list or reporting surface",,feature worktree / additional root,8b792edaa8f89bb6a3946a263313bcd4307bdfd147c63fd4e2916eaf800ce0b3,View/selection controls are inventoried; not a separate meter registration/lifecycle form. Any mutation belongs to its operations/report family.
ireps-web-gmr,src/pages/registries/WardsRegistryPage.jsx,"Search, selection, list or reporting surface",,feature worktree / additional root,4832887bd6e5ccad904c3bfaa070fdde884e4092024c8ae24e29a532a596fb35,View/selection controls are inventoried; not a separate meter registration/lifecycle form. Any mutation belongs to its operations/report family.
ireps-web-gmr,src/pages/registries/TrnsRegistryPage.jsx,"Search, selection, list or reporting surface",,feature worktree / additional root,fe23d57edd41b4f3f3fef56c059684f6c4a398569f188655f093dcb55475377f,View/selection controls are inventoried; not a separate meter registration/lifecycle form. Any mutation belongs to its operations/report family.
ireps-web-gmr,src/pages/registries/PremisesRegistryPage.jsx,"Search, selection, list or reporting surface",,feature worktree / additional root,8afaf3b514ffccaf07efd724c492efe2740706ea4bf5341d0ed3b9fa0ef893de,View/selection controls are inventoried; not a separate meter registration/lifecycle form. Any mutation belongs to its operations/report family.
ireps-web-gmr,src/pages/registries/MreadStagingPage.jsx,Form/action family or supporting source,FRM-032,feature worktree / additional root,1bdaab732dd4ed1017d4bb5979ae3bc1963e0f84f56e273f4ef5a53d5972c584,Mapped package(s) cover the explicitly named variants; release status is separate.
ireps-web-gmr,src/pages/registries/MreadRegistryPage.jsx,Form/action family or supporting source,FRM-032,feature worktree / additional root,6cebb2fcbee6afb42370e615c0fc8cb427ace826bef555aececba8ddd3d67afd,Mapped package(s) cover the explicitly named variants; release status is separate.
ireps-web-gmr,src/pages/registries/MetersRegistryPage.jsx,"Search, selection, list or reporting surface",,feature worktree / additional root,296d9a630650a594037315f43620d058af373960f243ac9f87756ea588c4c064,View/selection controls are inventoried; not a separate meter registration/lifecycle form. Any mutation belongs to its operations/report family.
ireps-web-gmr,src/pages/registries/ErfsRegistryPage.jsx,"Search, selection, list or reporting surface",,feature worktree / additional root,83b72f2ded48f409293bc621fedab12d0cf80d700d0ab5f04213455890e48aae,View/selection controls are inventoried; not a separate meter registration/lifecycle form. Any mutation belongs to its operations/report family.
ireps-web-gmr,src/pages/registries/components/TrnReportPreviewModal.jsx,Form/action family or supporting source,FRM-033,feature worktree / additional root,b05513a237c1fe4425324579db62c79b15a593b67c13efc5906cc459044c06e7,Mapped package(s) cover the explicitly named variants; release status is separate.
ireps-web-gmr,src/pages/registries/AccountsRegistryPage.jsx,"Search, selection, list or reporting surface",,feature worktree / additional root,fb1ad94a79123daa6e2e531c57b5333e9284301be9976201dfd5c906be606a42,View/selection controls are inventoried; not a separate meter registration/lifecycle form. Any mutation belongs to its operations/report family.
ireps-web-gmr,src/pages/profile/ProfilePage.jsx,Form/action family or supporting source,FRM-008,feature worktree / additional root,f203b310086031758ae4531cf014236de2fa094475d6847fd0f8b89ffde0a917,Mapped package(s) cover the explicitly named variants; release status is separate.
ireps-web-gmr,src/pages/operations/targeted-batches/allocation/TargetedBatchAllocationRowsPanel.jsx,Form/action family or supporting source,FRM-029,feature worktree / additional root,88fb0bf680ee49c43e76843df5a6a8f55df5e50124f46c3727130fb627af2e9c,Mapped package(s) cover the explicitly named variants; release status is separate.
ireps-web-gmr,src/pages/operations/targeted-batches/allocation/TargetedBatchAllocationTargetPanel.jsx,Form/action family or supporting source,FRM-029,feature worktree / additional root,9ea2d8c498fd772628263d950767f7df09d79a0a7799740b89d71ee179d79e82,Mapped package(s) cover the explicitly named variants; release status is separate.
ireps-web-normalisation,docs/temp/sales-sg-erf-ui-inspection/src/pages/sales/components/SalesMetersTable.jsx,Historical / diagnostic copy; excluded from current form count,,feature worktree / additional root,3b06deaf093498fd2073f21fae12be64fdb6cd22f12c9b57bf31dc466984ae8c,Retain as provenance; not a recommended current screen.
ireps-web-normalisation,src/features/maps/DesktopGeoCascadingSelector.jsx,"Search, selection, list or reporting surface",,feature worktree / additional root,4f7c9e4d794019ce1f027ce118707370a34fcce1c0c9ec831d03cfdbb12f5b66,View/selection controls are inventoried; not a separate meter registration/lifecycle form. Any mutation belongs to its operations/report family.
ireps-web-normalisation,src/pages/ward-scope/PremisesPage.jsx,"Search, selection, list or reporting surface",,feature worktree / additional root,d83c06b90924b1f3fb66c70a837fac33bc473b05ca0e08a43ce7572ebbd06031,View/selection controls are inventoried; not a separate meter registration/lifecycle form. Any mutation belongs to its operations/report family.
ireps-web-normalisation,src/pages/ward-scope/MetersPage.jsx,"Search, selection, list or reporting surface",,feature worktree / additional root,0dbac561162cfca3510a3b86c88628fd8989c4e40b78346e910e26de150a299e,View/selection controls are inventoried; not a separate meter registration/lifecycle form. Any mutation belongs to its operations/report family.
ireps-web-normalisation,src/pages/ward-scope/ErfsPage.jsx,"Search, selection, list or reporting surface",,feature worktree / additional root,6ae38ca5f0fb04a0eddc7db4f9a790c4ed49264d4bffeb14f5ed2458c0a0d8ed,View/selection controls are inventoried; not a separate meter registration/lifecycle form. Any mutation belongs to its operations/report family.
ireps-web-normalisation,src/pages/ward-scope/components/WardScopeHeader.jsx,"Search, selection, list or reporting surface",,feature worktree / additional root,a51eeaaec076e2ba321e0d9af045c37cf42ad9b3a32ca2b5bb859f0844b9d71e,View/selection controls are inventoried; not a separate meter registration/lifecycle form. Any mutation belongs to its operations/report family.
ireps-web-normalisation,src/pages/users/UsersPage.jsx,Form/action family or supporting source,FRM-009;FRM-022,feature worktree / additional root,e6e6d91b2dac5861d954243e525fb209b86236227f95817de82617cfaec9f034,Mapped package(s) cover the explicitly named variants; release status is separate.
ireps-web-normalisation,src/components/DatetimeFilter.jsx,"Search, selection, list or reporting surface",,feature worktree / additional root,6339311e011c1b065573004183c5ef91ebc3183554da9567244dabaa1d8d7c2d,View/selection controls are inventoried; not a separate meter registration/lifecycle form. Any mutation belongs to its operations/report family.
ireps-web-normalisation,src/pages/sales/SalesStatsPage.jsx,"Search, selection, list or reporting surface",,feature worktree / additional root,649d89e31491aab82651da91023b8a112934f8013ae77b8ab03142cd030ccfe4,View/selection controls are inventoried; not a separate meter registration/lifecycle form. Any mutation belongs to its operations/report family.
ireps-web-normalisation,src/pages/sales/SalesReportingPage.jsx,"Search, selection, list or reporting surface",,feature worktree / additional root,4cce13bf32f763929add4f4e3b5901b368acf4ef27739373596e0a4676be4910,View/selection controls are inventoried; not a separate meter registration/lifecycle form. Any mutation belongs to its operations/report family.
ireps-web-normalisation,src/pages/sales/SalesBatchReportPage.jsx,Report scope/filter controls,FRM-033,feature worktree / additional root,95a9e703739c8f018cda69ca8e16a297f09655765a2967170997a4f5bb2ad14f,Related to report generation; reviewed SalesBatchReport variant exposes only search/execution/ward/match/access filters here; no separate capture event.
ireps-web-normalisation,src/pages/sales/PrepaidSales.jsx,"Search, selection, list or reporting surface",,feature worktree / additional root,6c6620ca7a41598e33bf91d44db6bc951edf694e2ef3f59d2b18e88b0ab519f7,View/selection controls are inventoried; not a separate meter registration/lifecycle form. Any mutation belongs to its operations/report family.
ireps-web-normalisation,src/pages/sales/NonGpsBatchPlanningPage.jsx,Form/action family or supporting source,FRM-029,feature worktree / additional root,2be3445d527d55a9316b5b6bd4f281b89cc5ea165ddb2ae75e5672af3d8b2c14,Mapped package(s) cover the explicitly named variants; release status is separate.
ireps-web-normalisation,docs/archive/root-cleanup-20260803/SALES_TARGETED_BATCH_V2_INSPECTION/src/pages/sales/components/SalesMetersTable.jsx,Historical / diagnostic copy; excluded from current form count,,feature worktree / additional root,c62cde65b66f553ddf6f88efb158010953822f8704d734ba9bad81b892907941,Retain as provenance; not a recommended current screen.
ireps-web-normalisation,docs/archive/root-cleanup-20260803/SALES_TARGETED_BATCH_V2_INSPECTION/src/pages/sales/components/SalesGpsMapSection.jsx,Historical / diagnostic copy; excluded from current form count,,feature worktree / additional root,eb778684e2763d0303f1bfe4d5cfcf8951752648b070b3fe14e22b48dd8a859b,Retain as provenance; not a recommended current screen.
ireps-web-normalisation,src/pages/dashboard/AnomaliesDashboardPage.jsx,"Search, selection, list or reporting surface",,feature worktree / additional root,254e72853123fc3e54603b6c98b2ea3527b17c2e57d2107f0dfe1eb1f3f1ab97,View/selection controls are inventoried; not a separate meter registration/lifecycle form. Any mutation belongs to its operations/report family.
ireps-web-normalisation,src/pages/dashboard/ActivityReportDashboardPage.jsx,"Search, selection, list or reporting surface",,feature worktree / additional root,a33448a89c32c3c0bc8df72ab274fa80db21c6a8803864e28c9acb0ba9877149,View/selection controls are inventoried; not a separate meter registration/lifecycle form. Any mutation belongs to its operations/report family.
ireps-web-normalisation,src/pages/dashboard/CustomerCategoriesDashboardPage.jsx,"Search, selection, list or reporting surface",,feature worktree / additional root,f2aa0f028486e7986c4951137e06cd661ebfb288c295b033f6ecca01047f3360,View/selection controls are inventoried; not a separate meter registration/lifecycle form. Any mutation belongs to its operations/report family.
ireps-web-normalisation,src/pages/LoginPage.jsx,Form/action family or supporting source,FRM-001,feature worktree / additional root,7d6d4e292279a65ae91ebd8166c141eabaf784cd733c4a6b7bae8274b5a62ca2,Mapped package(s) cover the explicitly named variants; release status is separate.
ireps-web-normalisation,src/pages/admin/MreadStagingControllerPage.jsx,Form/action family or supporting source,FRM-032,feature worktree / additional root,9de0617599b94bd9e22f387bda9b3765ad9335575ecfdaa2dc0a511b8a12695b,Mapped package(s) cover the explicitly named variants; release status is separate.
ireps-web-normalisation,src/pages/sales/BatchesGeofencesPage.jsx,"Search, selection, list or reporting surface",,feature worktree / additional root,62d6998a057fecfe59b1ed180b8b8eada6c2107468d9aef07c52f8bc8cb7d23d,View/selection controls are inventoried; not a separate meter registration/lifecycle form. Any mutation belongs to its operations/report family.
ireps-web-normalisation,src/pages/sales/components/MultiSelectFilter.jsx,"Search, selection, list or reporting surface",,feature worktree / additional root,7a11155d185fcafed57edc4be2cdfadb4c8cc9be32d8fd588c509ab65609b0d1,View/selection controls are inventoried; not a separate meter registration/lifecycle form. Any mutation belongs to its operations/report family.
ireps-web-normalisation,src/pages/dashboard/TrnRegistryDashboardPage.jsx,"Search, selection, list or reporting surface",,feature worktree / additional root,c302977baea2e1d5572e5c3223016d4077089a1aa993611419f10dbafff127ef,View/selection controls are inventoried; not a separate meter registration/lifecycle form. Any mutation belongs to its operations/report family.
ireps-web-normalisation,src/layouts/ConsoleLayout.jsx,"Search, selection, list or reporting surface",,feature worktree / additional root,bbb4ce7cb0f9454487c47c1418350e574e00d625b6e6fe74d67fd8feb57fb321,View/selection controls are inventoried; not a separate meter registration/lifecycle form. Any mutation belongs to its operations/report family.
ireps-web-normalisation,src/pages/sales/components/NonGpsQuickSelect.jsx,Form/action family or supporting source,FRM-029,feature worktree / additional root,3e380849d7eed049e0fcc707008a2eaa7f8acfba1b7bfc8f5aa63ecea2627f84,Mapped package(s) cover the explicitly named variants; release status is separate.
ireps-web-normalisation,src/pages/sales/components/NonGpsExceptions.jsx,"Search, selection, list or reporting surface",,feature worktree / additional root,9b28b5f7bf029fceaad3f28a078a13810026fba3db51a4269f363e4dc25fb528,View/selection controls are inventoried; not a separate meter registration/lifecycle form. Any mutation belongs to its operations/report family.
ireps-web-normalisation,src/pages/sales/components/NonGpsStreetPlanning.jsx,Form/action family or supporting source,FRM-029,feature worktree / additional root,fc9d2cf87785da48b8f9f5278be74c306369e46df4f4bb0e2a32a7b65b721713,Mapped package(s) cover the explicitly named variants; release status is separate.
ireps-web-normalisation,src/pages/sales/components/NonGpsStreetDetail.jsx,"Search, selection, list or reporting surface",,feature worktree / additional root,0cae3a688e87e3894775f1c61b6a0bbe8f3855a7c8d634fc92c76998e1940a8e,View/selection controls are inventoried; not a separate meter registration/lifecycle form. Any mutation belongs to its operations/report family.
ireps-web-normalisation,src/pages/dashboard/CustomerCategoryDashboardPage.jsx,"Search, selection, list or reporting surface",,feature worktree / additional root,30638964c36ab529a0c749c6100b07ccf8faf928398a2c20e3a4de9487130f19,View/selection controls are inventoried; not a separate meter registration/lifecycle form. Any mutation belongs to its operations/report family.
ireps-web-normalisation,src/pages/dashboard/ProjectPopulationDashboardPage.jsx,"Search, selection, list or reporting surface",,feature worktree / additional root,38a055106dfea55db9b7980102c037861d24b57a89fd760e2230cca22ae7818f,View/selection controls are inventoried; not a separate meter registration/lifecycle form. Any mutation belongs to its operations/report family.
ireps-web-normalisation,src/pages/maps/MapPage.jsx,"Search, selection, list or reporting surface",,feature worktree / additional root,ee7bb8e20c92d411c0d38b6bfd98c642e17bbc04b2597ef59ff20c0242ed1e03,View/selection controls are inventoried; not a separate meter registration/lifecycle form. Any mutation belongs to its operations/report family.
ireps-web-normalisation,src/pages/sales/components/SalesRangeFilterModal.jsx,"Search, selection, list or reporting surface",,feature worktree / additional root,cf0ba2a3c053dfdbe854536d09340643e261be1d00122f003ee2f4cdfc9acd26,View/selection controls are inventoried; not a separate meter registration/lifecycle form. Any mutation belongs to its operations/report family.
ireps-web-normalisation,src/pages/sales/components/SalesMetersTable.jsx,"Search, selection, list or reporting surface",,feature worktree / additional root,b049124e5b93572d994f2bd473d408486e99b6408bdab29428186e78ffa48cfe,View/selection controls are inventoried; not a separate meter registration/lifecycle form. Any mutation belongs to its operations/report family.
ireps-web-normalisation,src/pages/sales/components/SalesGpsMapSection.jsx,"Search, selection, list or reporting surface",,feature worktree / additional root,5793523e21a6b9b5f8aa6f0df7887a7b1fe2f6e24fae3de006ed48e088840d93,View/selection controls are inventoried; not a separate meter registration/lifecycle form. Any mutation belongs to its operations/report family.
ireps-web-normalisation,src/pages/reports/AnomalyReportPage.jsx,Report scope/filter controls,FRM-033,feature worktree / additional root,a19b47e43ac7e120ac1154b83c646ba0f82743366adb6b9e18317c530e50cded,Related to report generation; reviewed SalesBatchReport variant exposes only search/execution/ward/match/access filters here; no separate capture event.
ireps-web-normalisation,src/pages/operations/BmdBgoPage.jsx,Form/action family or supporting source,FRM-031,feature worktree / additional root,58279ddd0c54dc3b71143cc075d4cf1a959341266e9dd7965985545562ff048c,Mapped package(s) cover the explicitly named variants; release status is separate.
ireps-web-normalisation,src/pages/operations/BgoDashboardPage.jsx,"Search, selection, list or reporting surface",,feature worktree / additional root,42bd1c499bd44df4b551f1ae476c02ad01d1b086708b43de46881bbd0ae77c41,View/selection controls are inventoried; not a separate meter registration/lifecycle form. Any mutation belongs to its operations/report family.
ireps-web-normalisation,src/pages/operations/geofence-shared-ui.jsx,Form/action family or supporting source,FRM-025,feature worktree / additional root,52a6de8d7dedcd9d62491841f2939b927b042df3baf2410adfaa492dda193d10,Mapped package(s) cover the explicitly named variants; release status is separate.
ireps-web-normalisation,src/pages/operations/GeofencePlanningLayers.jsx,Form/action family or supporting source,FRM-025,feature worktree / additional root,7dd1f5afce172233ec7730b080d6012e6806f8bf5a16183b664b594f70175fd3,Mapped package(s) cover the explicitly named variants; release status is separate.
ireps-web-normalisation,src/pages/profile/ProfilePage.jsx,Form/action family or supporting source,FRM-008,feature worktree / additional root,f203b310086031758ae4531cf014236de2fa094475d6847fd0f8b89ffde0a917,Mapped package(s) cover the explicitly named variants; release status is separate.
ireps-web-normalisation,src/pages/reports/GeneralMonthlyReportPage.jsx,Form/action family or supporting source,FRM-033,feature worktree / additional root,e09673f9d112323c2ad76e2ff6a4fcb3e442837448d69998cd25dc1d625391be,Mapped package(s) cover the explicitly named variants; release status is separate.
ireps-web-normalisation,src/pages/reports/NoAccessReportPage.jsx,Report scope/filter controls,FRM-033,feature worktree / additional root,4daba575e1e238c96fe8c188b916cef2d314d96c8f66b06f46c65a2214668dc0,Related to report generation; reviewed SalesBatchReport variant exposes only search/execution/ward/match/access filters here; no separate capture event.
ireps-web-normalisation,src/pages/operations/GeoFencesPage.jsx,Form/action family or supporting source,FRM-025,feature worktree / additional root,524e3aff3f654cadc338059076021e31427f4dae0f74d86662c9c70918648284,Mapped package(s) cover the explicitly named variants; release status is separate.
ireps-web-normalisation,src/pages/reports/UserActivityReportPage.jsx,Report scope/filter controls,FRM-033,feature worktree / additional root,c63d0720ce70c4ec7af3c596763331547f5a83be84c9065bd3469695704285a1,Related to report generation; reviewed SalesBatchReport variant exposes only search/execution/ward/match/access filters here; no separate capture event.
ireps-web-normalisation,src/pages/reports/NormalisationReportPage.jsx,Report scope/filter controls,FRM-033,feature worktree / additional root,f393f0b72b7cc7076bbf59b4896edc25f1d1d1c7efea9c59a5a8c5860819f051,Related to report generation; reviewed SalesBatchReport variant exposes only search/execution/ward/match/access filters here; no separate capture event.
ireps-web-normalisation,src/pages/operations/OperationalTeamsPage.jsx,Form/action family or supporting source,FRM-024,feature worktree / additional root,9fb9948df9b35d3431c7640d29974d1b972b3f3cd58cd95ec7ad85616cfbb627,Mapped package(s) cover the explicitly named variants; release status is separate.
ireps-web-normalisation,src/pages/operations/MdBgoRowsPage.jsx,Form/action family or supporting source,FRM-031,feature worktree / additional root,8f77becac8522e6b1d38572ba4a8cf8c85c2440507db85c7931a3f3dce2ff83c,Mapped package(s) cover the explicitly named variants; release status is separate.
ireps-web-normalisation,src/pages/operations/TargetedBatchAllocationMatrixPage.jsx,"Search, selection, list or reporting surface",,feature worktree / additional root,795bf9015c5d9340a0f5e723ef013f3fe47c21d4f7f92877f165c69ff35d3eda,View/selection controls are inventoried; not a separate meter registration/lifecycle form. Any mutation belongs to its operations/report family.
ireps-web-normalisation,src/pages/operations/TargetedBatchAllocationMapPage.jsx,Form/action family or supporting source,FRM-029,feature worktree / additional root,f4478272c5b19e5f55bc81d43408fc3f5df6b6d80985960967bf59b9a4bb3dc6,Mapped package(s) cover the explicitly named variants; release status is separate.
ireps-web-normalisation,src/pages/operations/TargetedBatchDashboardPage.jsx,"Search, selection, list or reporting surface",,feature worktree / additional root,28b85411b0b4edc9cd73aba1c53f4931b53b6014b8114340f7b3f0609e558424,View/selection controls are inventoried; not a separate meter registration/lifecycle form. Any mutation belongs to its operations/report family.
ireps-web-normalisation,src/pages/registries/ErfsRegistryPage.jsx,"Search, selection, list or reporting surface",,feature worktree / additional root,83b72f2ded48f409293bc621fedab12d0cf80d700d0ab5f04213455890e48aae,View/selection controls are inventoried; not a separate meter registration/lifecycle form. Any mutation belongs to its operations/report family.
ireps-web-normalisation,src/pages/registries/WardsRegistryPage.jsx,"Search, selection, list or reporting surface",,feature worktree / additional root,4832887bd6e5ccad904c3bfaa070fdde884e4092024c8ae24e29a532a596fb35,View/selection controls are inventoried; not a separate meter registration/lifecycle form. Any mutation belongs to its operations/report family.
ireps-web-normalisation,src/pages/registries/TrnsRegistryPage.jsx,"Search, selection, list or reporting surface",,feature worktree / additional root,fe23d57edd41b4f3f3fef56c059684f6c4a398569f188655f093dcb55475377f,View/selection controls are inventoried; not a separate meter registration/lifecycle form. Any mutation belongs to its operations/report family.
ireps-web-normalisation,src/pages/registries/PremisesRegistryPage.jsx,"Search, selection, list or reporting surface",,feature worktree / additional root,8afaf3b514ffccaf07efd724c492efe2740706ea4bf5341d0ed3b9fa0ef893de,View/selection controls are inventoried; not a separate meter registration/lifecycle form. Any mutation belongs to its operations/report family.
ireps-web-normalisation,src/pages/registries/MreadStagingPage.jsx,Form/action family or supporting source,FRM-032,feature worktree / additional root,1bdaab732dd4ed1017d4bb5979ae3bc1963e0f84f56e273f4ef5a53d5972c584,Mapped package(s) cover the explicitly named variants; release status is separate.
ireps-web-normalisation,src/pages/registries/MreadRegistryPage.jsx,Form/action family or supporting source,FRM-032,feature worktree / additional root,6cebb2fcbee6afb42370e615c0fc8cb427ace826bef555aececba8ddd3d67afd,Mapped package(s) cover the explicitly named variants; release status is separate.
ireps-web-normalisation,src/pages/registries/MetersRegistryPage.jsx,"Search, selection, list or reporting surface",,feature worktree / additional root,296d9a630650a594037315f43620d058af373960f243ac9f87756ea588c4c064,View/selection controls are inventoried; not a separate meter registration/lifecycle form. Any mutation belongs to its operations/report family.
ireps-web-normalisation,src/pages/operations/TcUploadsPage.jsx,Form/action family or supporting source,FRM-030,feature worktree / additional root,c57a8f08703f72439ba00a40d9ae31ef7c1bb47f46b91a674c571549851931fc,Mapped package(s) cover the explicitly named variants; release status is separate.
ireps-web-normalisation,src/pages/operations/TcUploadDetailsPage.jsx,"Search, selection, list or reporting surface",,feature worktree / additional root,772830def28683174ddeff4277c11ac46a01a96eb8c164bdaad0804d75d295d5,View/selection controls are inventoried; not a separate meter registration/lifecycle form. Any mutation belongs to its operations/report family.
ireps-web-normalisation,src/pages/operations/TcFinalReportPage.jsx,"Search, selection, list or reporting surface",,feature worktree / additional root,df7f2f65f81ce9c0c7618f383dec2ff1b29f0cf0da661a4ba16492236fc23eae,View/selection controls are inventoried; not a separate meter registration/lifecycle form. Any mutation belongs to its operations/report family.
ireps-web-normalisation,src/pages/operations/TcBgoPage.jsx,Form/action family or supporting source,FRM-031,feature worktree / additional root,57a0cf28f833691d7d3fcd4dab6282c8da87b1c4ec464ae8b109f87bbfbefb11,Mapped package(s) cover the explicitly named variants; release status is separate.
ireps-web-normalisation,src/pages/operations/TcBgoDashboardPage.jsx,"Search, selection, list or reporting surface",,feature worktree / additional root,a32e1f03f4249397dd29af9661691cddb97b92801b66889209f3af41ec6de2f1,View/selection controls are inventoried; not a separate meter registration/lifecycle form. Any mutation belongs to its operations/report family.
ireps-web-normalisation,src/pages/operations/TargetedBatchesPage.jsx,Form/action family or supporting source,FRM-029,feature worktree / additional root,20d567436bf1d290dbb1f9b16450b99f4877f31d56f1b2fd440375089febdd03,Mapped package(s) cover the explicitly named variants; release status is separate.
ireps-web-normalisation,src/pages/registries/AccountsRegistryPage.jsx,"Search, selection, list or reporting surface",,feature worktree / additional root,fb1ad94a79123daa6e2e531c57b5333e9284301be9976201dfd5c906be606a42,View/selection controls are inventoried; not a separate meter registration/lifecycle form. Any mutation belongs to its operations/report family.
ireps-web-normalisation,src/pages/registries/components/TrnReportPreviewModal.jsx,Form/action family or supporting source,FRM-033,feature worktree / additional root,b05513a237c1fe4425324579db62c79b15a593b67c13efc5906cc459044c06e7,Mapped package(s) cover the explicitly named variants; release status is separate.
ireps-web-normalisation,docs/backups/TARGETED_BATCH_WARD_GROUPING_20260803_042026/src/pages/operations/TargetedBatchesPage.jsx,Historical / diagnostic copy; excluded from current form count,,feature worktree / additional root,fefafd88432ee19f38ac71e510fa2a3bf87d424884979fe2d4226fd5f62d1b8a,Retain as provenance; not a recommended current screen.
ireps-web-normalisation,src/pages/operations/targeted-batches/TargetedBatchUploadModal.jsx,Form/action family or supporting source,FRM-029,feature worktree / additional root,b73ba15c10047c9781e86a84f8f02792044b10404be081a38dee9b240ecfc686,Mapped package(s) cover the explicitly named variants; release status is separate.
ireps-web-normalisation,src/pages/operations/targeted-batches/TargetedBatchUnallocateModal.jsx,Form/action family or supporting source,FRM-029,feature worktree / additional root,6a13641711794dbcebf1145f570eaed3fe98b01249191ff06b3c4b911c15cf24,Mapped package(s) cover the explicitly named variants; release status is separate.
ireps-web-normalisation,docs/backups/TARGETED_BATCH_WARD_GROUPING_20260803_042026/src/pages/operations/targeted-batches/draft/TargetedBatchDraftTable.jsx,Historical / diagnostic copy; excluded from current form count,,feature worktree / additional root,7c8af76ec392dabdf8da39c207efd076f2deac5f97a9805133f535093d8699dd,Retain as provenance; not a recommended current screen.
ireps-web-normalisation,src/pages/operations/targeted-batches/allocation/TargetedBatchAllocationRowsPanel.jsx,Form/action family or supporting source,FRM-029,feature worktree / additional root,88fb0bf680ee49c43e76843df5a6a8f55df5e50124f46c3727130fb627af2e9c,Mapped package(s) cover the explicitly named variants; release status is separate.
ireps-web-normalisation,src/pages/operations/targeted-batches/allocation/TargetedBatchAllocationTargetPanel.jsx,Form/action family or supporting source,FRM-029,feature worktree / additional root,9ea2d8c498fd772628263d950767f7df09d79a0a7799740b89d71ee179d79e82,Mapped package(s) cover the explicitly named variants; release status is separate.
ireps-web-normalisation,src/pages/operations/targeted-batches/rows/TargetedBatchRowsFilters.jsx,"Search, selection, list or reporting surface",,feature worktree / additional root,237d439ff8cc846581980288188b3b91a2e88eab71aee333bea272331c0d2ee3,View/selection controls are inventoried; not a separate meter registration/lifecycle form. Any mutation belongs to its operations/report family.
ireps-web-normalisation,src/pages/operations/targeted-batches/draft/TargetedBatchDraftFilters.jsx,"Search, selection, list or reporting surface",,feature worktree / additional root,8b792edaa8f89bb6a3946a263313bcd4307bdfd147c63fd4e2916eaf800ce0b3,View/selection controls are inventoried; not a separate meter registration/lifecycle form. Any mutation belongs to its operations/report family.
ireps-web-normalisation,src/pages/operations/targeted-batches/draft/TargetedBatchDraftTable.jsx,Form/action family or supporting source,FRM-029,feature worktree / additional root,e8ec097a6e4e820d1df2d42bb1ae2ffd4546ffccc69d99cea6dec388ebdb5654,Mapped package(s) cover the explicitly named variants; release status is separate.
ireps-web-normalisation,src/pages/operations/targeted-batches/rows/TargetedBatchTakeOutWindows.jsx,Form/action family or supporting source,FRM-029,feature worktree / additional root,36f701887e8a07bf5eb1c28d3ea1c4400862aa5802acc5076a31c44b472edd6c,Mapped package(s) cover the explicitly named variants; release status is separate.
ireps-web-normalisation,src/pages/operations/targeted-batches/rows/TargetedBatchRowsTable.jsx,Form/action family or supporting source,FRM-029,feature worktree / additional root,c8daa2686fe307cd65b8d43aec2453eecd8d11fb2c8c9a3ca04340fbe36a7f64,Mapped package(s) cover the explicitly named variants; release status is separate.
